{"flowContents":{"identifier":"b28f418b-2828-314e-8ea3-95fcd85cf7f9","instanceIdentifier":"44e8ceaf-019b-1000-ffff-ffffbfbb4f5d","name":"API to Table","comments":"","position":{"x":-43.45008343644099,"y":-97.43980468388924},"processGroups":[],"remoteProcessGroups":[],"processors":[{"identifier":"14607ce7-3753-32a0-8584-03f66b9a6655","instanceIdentifier":"d4f02a59-57fa-3feb-a365-99c7bee3d583","name":"InvokeHTTP","comments":"","position":{"x":-134.5,"y":-316.0},"type":"org.apache.nifi.processors.standard.InvokeHTTP","bundle":{"group":"org.apache.nifi","artifact":"nifi-standard-nar","version":"2025.12.16.19"},"properties":{"Request Content-Encoding":"DISABLED","Request Multipart Form-Data Filename Enabled":"true","Request Chunked Transfer-Encoding Enabled":"false","Response Header Request Attributes Prefix":null,"Proxy Configuration Service":null,"HTTP/2 Disabled":"False","Connection Timeout":"5 secs","Response Cookie Strategy":"DISABLED","Socket Read Timeout":"15 secs","Socket Idle Connections":"5","Request Body Enabled":"true","OAuth2 Access Token Refresh Strategy":"ON_TOKEN_EXPIRATION","HTTP URL":"#{api_1_url}","Request OAuth2 Access Token Provider":null,"Socket Idle Timeout":"5 mins","Response Redirects Enabled":"True","Socket Write Timeout":"15 secs","Request Header Attributes Pattern":null,"Response FlowFile Naming Strategy":"RANDOM","Response Cache Enabled":"false","Request Date Header Enabled":"True","Request Failure Penalization Enabled":"false","Response Body Attribute Size":"256","SSL Context Service":null,"Response Generation Required":"false","Request User-Agent":null,"Response Header Request Attributes Enabled":"false","HTTP Method":"GET","Request Username":null,"Request Content-Type":"${mime.type}","Response Body Attribute Name":null,"Request Digest Authentication Enabled":"false","Request Multipart Form-Data Name":null,"Response Cache Size":"10MB","Response Body Ignored":"false"},"propertyDescriptors":{"Request Content-Encoding":{"name":"Request Content-Encoding","displayName":"Request Content-Encoding","identifiesControllerService":false,"sensitive":false,"dynamic":false},"Request Multipart Form-Data Filename Enabled":{"name":"Request Multipart Form-Data Filename Enabled","displayName":"Request Multipart Form-Data Filename Enabled","identifiesControllerService":false,"sensitive":false,"dynamic":false},"Request Chunked Transfer-Encoding Enabled":{"name":"Request Chunked Transfer-Encoding Enabled","displayName":"Request Chunked Transfer-Encoding Enabled","identifiesControllerService":false,"sensitive":false,"dynamic":false},"Response Header Request Attributes Prefix":{"name":"Response Header Request Attributes Prefix","displayName":"Response Header Request Attributes Prefix","identifiesControllerService":false,"sensitive":false,"dynamic":false},"Proxy Configuration Service":{"name":"Proxy Configuration Service","displayName":"Proxy Configuration Service","identifiesControllerService":true,"sensitive":false,"dynamic":false},"HTTP/2 Disabled":{"name":"HTTP/2 Disabled","displayName":"HTTP/2 Disabled","identifiesControllerService":false,"sensitive":false,"dynamic":false},"Connection Timeout":{"name":"Connection Timeout","displayName":"Connection Timeout","identifiesControllerService":false,"sensitive":false,"dynamic":false},"Response Cookie Strategy":{"name":"Response Cookie Strategy","displayName":"Response Cookie Strategy","identifiesControllerService":false,"sensitive":false,"dynamic":false},"Request Password":{"name":"Request Password","displayName":"Request Password","identifiesControllerService":false,"sensitive":true,"dynamic":false},"Socket Read Timeout":{"name":"Socket Read Timeout","displayName":"Socket Read Timeout","identifiesControllerService":false,"sensitive":false,"dynamic":false},"Socket Idle Connections":{"name":"Socket Idle Connections","displayName":"Socket Idle Connections","identifiesControllerService":false,"sensitive":false,"dynamic":false},"Request Body Enabled":{"name":"Request Body Enabled","displayName":"Request Body Enabled","identifiesControllerService":false,"sensitive":false,"dynamic":false},"OAuth2 Access Token Refresh Strategy":{"name":"OAuth2 Access Token Refresh Strategy","displayName":"OAuth2 Access Token Refresh Strategy","identifiesControllerService":false,"sensitive":false,"dynamic":false},"HTTP URL":{"name":"HTTP URL","displayName":"HTTP URL","identifiesControllerService":false,"sensitive":false,"dynamic":false},"Request OAuth2 Access Token Provider":{"name":"Request OAuth2 Access Token Provider","displayName":"Request OAuth2 Access Token Provider","identifiesControllerService":true,"sensitive":false,"dynamic":false},"Socket Idle Timeout":{"name":"Socket Idle Timeout","displayName":"Socket Idle Timeout","identifiesControllerService":false,"sensitive":false,"dynamic":false},"Response Redirects Enabled":{"name":"Response Redirects Enabled","displayName":"Response Redirects Enabled","identifiesControllerService":false,"sensitive":false,"dynamic":false},"Socket Write Timeout":{"name":"Socket Write Timeout","displayName":"Socket Write Timeout","identifiesControllerService":false,"sensitive":false,"dynamic":false},"Request Header Attributes Pattern":{"name":"Request Header Attributes Pattern","displayName":"Request Header Attributes Pattern","identifiesControllerService":false,"sensitive":false,"dynamic":false},"Response FlowFile Naming Strategy":{"name":"Response FlowFile Naming Strategy","displayName":"Response FlowFile Naming Strategy","identifiesControllerService":false,"sensitive":false,"dynamic":false},"Response Cache Enabled":{"name":"Response Cache Enabled","displayName":"Response Cache Enabled","identifiesControllerService":false,"sensitive":false,"dynamic":false},"Request Date Header Enabled":{"name":"Request Date Header Enabled","displayName":"Request Date Header Enabled","identifiesControllerService":false,"sensitive":false,"dynamic":false},"Request Failure Penalization Enabled":{"name":"Request Failure Penalization Enabled","displayName":"Request Failure Penalization Enabled","identifiesControllerService":false,"sensitive":false,"dynamic":false},"Response Body Attribute Size":{"name":"Response Body Attribute Size","displayName":"Response Body Attribute Size","identifiesControllerService":false,"sensitive":false,"dynamic":false},"SSL Context Service":{"name":"SSL Context Service","displayName":"SSL Context Service","identifiesControllerService":true,"sensitive":false,"dynamic":false},"Response Generation Required":{"name":"Response Generation Required","displayName":"Response Generation Required","identifiesControllerService":false,"sensitive":false,"dynamic":false},"Request User-Agent":{"name":"Request User-Agent","displayName":"Request User-Agent","identifiesControllerService":false,"sensitive":false,"dynamic":false},"Response Header Request Attributes Enabled":{"name":"Response Header Request Attributes Enabled","displayName":"Response Header Request Attributes Enabled","identifiesControllerService":false,"sensitive":false,"dynamic":false},"HTTP Method":{"name":"HTTP Method","displayName":"HTTP Method","identifiesControllerService":false,"sensitive":false,"dynamic":false},"Request Username":{"name":"Request Username","displayName":"Request Username","identifiesControllerService":false,"sensitive":false,"dynamic":false},"Request Content-Type":{"name":"Request Content-Type","displayName":"Request Content-Type","identifiesControllerService":false,"sensitive":false,"dynamic":false},"Response Body Attribute Name":{"name":"Response Body Attribute Name","displayName":"Response Body Attribute Name","identifiesControllerService":false,"sensitive":false,"dynamic":false},"Request Digest Authentication Enabled":{"name":"Request Digest Authentication Enabled","displayName":"Request Digest Authentication Enabled","identifiesControllerService":false,"sensitive":false,"dynamic":false},"Request Multipart Form-Data Name":{"name":"Request Multipart Form-Data Name","displayName":"Request Multipart Form-Data Name","identifiesControllerService":false,"sensitive":false,"dynamic":false},"Response Cache Size":{"name":"Response Cache Size","displayName":"Response Cache Size","identifiesControllerService":false,"sensitive":false,"dynamic":false},"Response Body Ignored":{"name":"Response Body Ignored","displayName":"Response Body Ignored","identifiesControllerService":false,"sensitive":false,"dynamic":false}},"style":{},"schedulingPeriod":"10 min","schedulingStrategy":"TIMER_DRIVEN","executionNode":"ALL","penaltyDuration":"30 sec","yieldDuration":"1 sec","bulletinLevel":"WARN","runDurationMillis":0,"concurrentlySchedulableTaskCount":1,"autoTerminatedRelationships":[],"scheduledState":"ENABLED","retryCount":10,"retriedRelationships":[],"backoffMechanism":"PENALIZE_FLOWFILE","maxBackoffPeriod":"10 mins","componentType":"PROCESSOR","groupIdentifier":"b28f418b-2828-314e-8ea3-95fcd85cf7f9"},{"identifier":"0b3bff3e-0db3-3e99-9ce8-280cde2849db","instanceIdentifier":"bf95d8e0-1379-3b55-88b5-5348e7fc9fe4","name":"JoltTransformJSON","comments":"","position":{"x":-128.0,"y":-112.0},"type":"org.apache.nifi.processors.jolt.JoltTransformJSON","bundle":{"group":"org.apache.nifi","artifact":"nifi-jolt-nar","version":"2025.12.16.19"},"properties":{"JSON Source":"FLOW_FILE","Jolt Transform":"jolt-transform-chain","JSON Source Attribute":null,"Max String Length":"20 MB","Transform Cache Size":"1","Custom Transformation Class Name":null,"Custom Module Directory":null,"Pretty Print":"false","Jolt Specification":"[\n  {\n    \"operation\": \"shift\",\n    \"spec\": {\n      \"@\": \"RAW\"\n    }\n  }\n]"},"propertyDescriptors":{"JSON Source":{"name":"JSON Source","displayName":"JSON Source","identifiesControllerService":false,"sensitive":false,"dynamic":false},"Jolt Transform":{"name":"Jolt Transform","displayName":"Jolt Transform","identifiesControllerService":false,"sensitive":false,"dynamic":false},"JSON Source Attribute":{"name":"JSON Source Attribute","displayName":"JSON Source Attribute","identifiesControllerService":false,"sensitive":false,"dynamic":false},"Max String Length":{"name":"Max String Length","displayName":"Max String Length","identifiesControllerService":false,"sensitive":false,"dynamic":false},"Transform Cache Size":{"name":"Transform Cache Size","displayName":"Transform Cache Size","identifiesControllerService":false,"sensitive":false,"dynamic":false},"Custom Transformation Class Name":{"name":"Custom Transformation Class Name","displayName":"Custom Transformation Class Name","identifiesControllerService":false,"sensitive":false,"dynamic":false},"Custom Module Directory":{"name":"Custom Module Directory","displayName":"Custom Module Directory","identifiesControllerService":false,"sensitive":false,"dynamic":false,"resourceDefinition":{"cardinality":"MULTIPLE","resourceTypes":["DIRECTORY","FILE"]}},"Pretty Print":{"name":"Pretty Print","displayName":"Pretty Print","identifiesControllerService":false,"sensitive":false,"dynamic":false},"Jolt Specification":{"name":"Jolt Specification","displayName":"Jolt Specification","identifiesControllerService":false,"sensitive":false,"dynamic":false,"resourceDefinition":{"cardinality":"SINGLE","resourceTypes":["FILE","TEXT"]}}},"style":{},"schedulingPeriod":"0 sec","schedulingStrategy":"TIMER_DRIVEN","executionNode":"ALL","penaltyDuration":"30 sec","yieldDuration":"1 sec","bulletinLevel":"WARN","runDurationMillis":0,"concurrentlySchedulableTaskCount":1,"autoTerminatedRelationships":[],"scheduledState":"ENABLED","retryCount":10,"retriedRelationships":[],"backoffMechanism":"PENALIZE_FLOWFILE","maxBackoffPeriod":"10 mins","componentType":"PROCESSOR","groupIdentifier":"b28f418b-2828-314e-8ea3-95fcd85cf7f9"},{"identifier":"66f85a09-6042-3b2a-bf02-792fdf3ee5bc","instanceIdentifier":"d98fe0f4-45ce-39e6-ab5c-0b5ce2d45544","name":"PutSnowpipeStreaming","comments":"","position":{"x":-128.0,"y":112.0},"type":"com.snowflake.openflow.runtime.processors.snowpipe.PutSnowpipeStreaming","bundle":{"group":"com.snowflake.openflow.runtime","artifact":"runtime-snowpipe-processors-nar","version":"2025.12.16.19"},"properties":{"Account":"#{snowflake_7_account_identifier}","User":"#{snowflake_8_username}","Table":"#{snowflake_6_table}","Concurrency Group":null,"Max Batch Size":"10000","Schema":"#{snowflake_5_schema}","Max Tasks Per Group":"1","Record Offset":null,"Record Reader":"bdadfdab-0cfb-3271-8077-4cda96d06612","Iceberg Enabled":"false","Snowpipe Channel Index":null,"Private Key Service":"#{snowflake_9_private_key}","Connection Strategy":"STANDARD","Role":"#{snowflake_2_role}","Record Offset Strategy":null,"Snowpipe Channel Prefix":"${hostname(false)}","Client Lag":"1 sec","Authentication Strategy":"#{snowflake_1_connection_strategy}","Delivery Guarantee":"At least once","Record Offset Record Path":null,"Database":"#{snowflake_4_database}"},"propertyDescriptors":{"Account":{"name":"Account","displayName":"Account","identifiesControllerService":false,"sensitive":false,"dynamic":false},"User":{"name":"User","displayName":"User","identifiesControllerService":false,"sensitive":false,"dynamic":false},"Table":{"name":"Table","displayName":"Table","identifiesControllerService":false,"sensitive":false,"dynamic":false},"Concurrency Group":{"name":"Concurrency Group","displayName":"Concurrency Group","identifiesControllerService":false,"sensitive":false,"dynamic":false},"Max Batch Size":{"name":"Max Batch Size","displayName":"Max Batch Size","identifiesControllerService":false,"sensitive":false,"dynamic":false},"Schema":{"name":"Schema","displayName":"Schema","identifiesControllerService":false,"sensitive":false,"dynamic":false},"Max Tasks Per Group":{"name":"Max Tasks Per Group","displayName":"Max Tasks Per Group","identifiesControllerService":false,"sensitive":false,"dynamic":false},"Record Offset":{"name":"Record Offset","displayName":"Record Offset","identifiesControllerService":false,"sensitive":false,"dynamic":false},"Record Reader":{"name":"Record Reader","displayName":"Record Reader","identifiesControllerService":true,"sensitive":false,"dynamic":false},"Iceberg Enabled":{"name":"Iceberg Enabled","displayName":"Iceberg Enabled","identifiesControllerService":false,"sensitive":false,"dynamic":false},"Snowpipe Channel Index":{"name":"Snowpipe Channel Index","displayName":"Snowpipe Channel Index","identifiesControllerService":false,"sensitive":false,"dynamic":false},"Connection Strategy":{"name":"Connection Strategy","displayName":"Connection Strategy","identifiesControllerService":false,"sensitive":false,"dynamic":false},"Role":{"name":"Role","displayName":"Role","identifiesControllerService":false,"sensitive":false,"dynamic":false},"Record Offset Strategy":{"name":"Record Offset Strategy","displayName":"Record Offset Strategy","identifiesControllerService":false,"sensitive":false,"dynamic":false},"Snowpipe Channel Prefix":{"name":"Snowpipe Channel Prefix","displayName":"Snowpipe Channel Prefix","identifiesControllerService":false,"sensitive":false,"dynamic":false},"Client Lag":{"name":"Client Lag","displayName":"Client Lag","identifiesControllerService":false,"sensitive":false,"dynamic":false},"Authentication Strategy":{"name":"Authentication Strategy","displayName":"Authentication Strategy","identifiesControllerService":false,"sensitive":false,"dynamic":false},"Delivery Guarantee":{"name":"Delivery Guarantee","displayName":"Delivery Guarantee","identifiesControllerService":false,"sensitive":false,"dynamic":false},"Record Offset Record Path":{"name":"Record Offset Record Path","displayName":"Record Offset Record Path","identifiesControllerService":false,"sensitive":false,"dynamic":false},"Database":{"name":"Database","displayName":"Database","identifiesControllerService":false,"sensitive":false,"dynamic":false}},"style":{},"schedulingPeriod":"0 sec","schedulingStrategy":"TIMER_DRIVEN","executionNode":"ALL","penaltyDuration":"30 sec","yieldDuration":"1 sec","bulletinLevel":"WARN","runDurationMillis":0,"concurrentlySchedulableTaskCount":1,"autoTerminatedRelationships":[],"scheduledState":"ENABLED","retryCount":10,"retriedRelationships":[],"backoffMechanism":"PENALIZE_FLOWFILE","maxBackoffPeriod":"10 mins","componentType":"PROCESSOR","groupIdentifier":"b28f418b-2828-314e-8ea3-95fcd85cf7f9"}],"inputPorts":[],"outputPorts":[],"connections":[{"identifier":"242c32b8-e812-3787-b5cb-0d855add3658","instanceIdentifier":"ed9fc019-3911-359b-b7da-4cc63009d1ec","name":"","source":{"id":"0b3bff3e-0db3-3e99-9ce8-280cde2849db","type":"PROCESSOR","groupId":"b28f418b-2828-314e-8ea3-95fcd85cf7f9","name":"JoltTransformJSON","comments":"","instanceIdentifier":"bf95d8e0-1379-3b55-88b5-5348e7fc9fe4"},"destination":{"id":"81e448a5-bb7d-30b6-8840-bd29f425a444","type":"FUNNEL","groupId":"b28f418b-2828-314e-8ea3-95fcd85cf7f9","name":"Funnel","comments":"","instanceIdentifier":"180333ab-260f-3cf2-b8f3-59255d9cef54"},"labelIndex":0,"zIndex":7,"selectedRelationships":["failure"],"backPressureObjectThreshold":10000,"backPressureDataSizeThreshold":"1 GB","flowFileExpiration":"0 sec","prioritizers":[],"bends":[],"loadBalanceStrategy":"DO_NOT_LOAD_BALANCE","partitioningAttribute":"","loadBalanceCompression":"DO_NOT_COMPRESS","componentType":"CONNECTION","groupIdentifier":"b28f418b-2828-314e-8ea3-95fcd85cf7f9"},{"identifier":"644e5aca-42af-3729-a9b4-a5d84bb96a2a","instanceIdentifier":"cd8b5f0d-7c94-3010-94b4-2fcacd81ccdd","name":"","source":{"id":"0b3bff3e-0db3-3e99-9ce8-280cde2849db","type":"PROCESSOR","groupId":"b28f418b-2828-314e-8ea3-95fcd85cf7f9","name":"JoltTransformJSON","comments":"","instanceIdentifier":"bf95d8e0-1379-3b55-88b5-5348e7fc9fe4"},"destination":{"id":"66f85a09-6042-3b2a-bf02-792fdf3ee5bc","type":"PROCESSOR","groupId":"b28f418b-2828-314e-8ea3-95fcd85cf7f9","name":"PutSnowpipeStreaming","comments":"","instanceIdentifier":"d98fe0f4-45ce-39e6-ab5c-0b5ce2d45544"},"labelIndex":0,"zIndex":6,"selectedRelationships":["success"],"backPressureObjectThreshold":10000,"backPressureDataSizeThreshold":"1 GB","flowFileExpiration":"0 sec","prioritizers":[],"bends":[],"loadBalanceStrategy":"DO_NOT_LOAD_BALANCE","partitioningAttribute":"","loadBalanceCompression":"DO_NOT_COMPRESS","componentType":"CONNECTION","groupIdentifier":"b28f418b-2828-314e-8ea3-95fcd85cf7f9"},{"identifier":"018ff39b-6009-3358-9700-672ef75811da","instanceIdentifier":"ec2887e4-c650-36e9-93b4-00fe1e6f7fcb","name":"","source":{"id":"66f85a09-6042-3b2a-bf02-792fdf3ee5bc","type":"PROCESSOR","groupId":"b28f418b-2828-314e-8ea3-95fcd85cf7f9","name":"PutSnowpipeStreaming","comments":"","instanceIdentifier":"d98fe0f4-45ce-39e6-ab5c-0b5ce2d45544"},"destination":{"id":"84de6df1-bb7a-32c0-8fcd-2ca1fe4706eb","type":"FUNNEL","groupId":"b28f418b-2828-314e-8ea3-95fcd85cf7f9","name":"Funnel","comments":"","instanceIdentifier":"ef45c34f-f4f2-32b1-b063-fe19700fdbd9"},"labelIndex":0,"zIndex":5,"selectedRelationships":["success"],"backPressureObjectThreshold":10000,"backPressureDataSizeThreshold":"1 GB","flowFileExpiration":"0 sec","prioritizers":[],"bends":[],"loadBalanceStrategy":"DO_NOT_LOAD_BALANCE","partitioningAttribute":"","loadBalanceCompression":"DO_NOT_COMPRESS","componentType":"CONNECTION","groupIdentifier":"b28f418b-2828-314e-8ea3-95fcd85cf7f9"},{"identifier":"9fd99fef-6b1e-31ec-83eb-9bd2b7f0cf1b","instanceIdentifier":"fa0d34ba-1fe0-3cd3-9564-5d42b8ee8836","name":"","source":{"id":"66f85a09-6042-3b2a-bf02-792fdf3ee5bc","type":"PROCESSOR","groupId":"b28f418b-2828-314e-8ea3-95fcd85cf7f9","name":"PutSnowpipeStreaming","comments":"","instanceIdentifier":"d98fe0f4-45ce-39e6-ab5c-0b5ce2d45544"},"destination":{"id":"81e448a5-bb7d-30b6-8840-bd29f425a444","type":"FUNNEL","groupId":"b28f418b-2828-314e-8ea3-95fcd85cf7f9","name":"Funnel","comments":"","instanceIdentifier":"180333ab-260f-3cf2-b8f3-59255d9cef54"},"labelIndex":0,"zIndex":4,"selectedRelationships":["failure"],"backPressureObjectThreshold":10000,"backPressureDataSizeThreshold":"1 GB","flowFileExpiration":"0 sec","prioritizers":[],"bends":[],"loadBalanceStrategy":"DO_NOT_LOAD_BALANCE","partitioningAttribute":"","loadBalanceCompression":"DO_NOT_COMPRESS","componentType":"CONNECTION","groupIdentifier":"b28f418b-2828-314e-8ea3-95fcd85cf7f9"},{"identifier":"06bcbbe4-c327-325a-a160-ab456dbf1731","instanceIdentifier":"a5ecd941-728e-370d-a0d2-27b1b7578459","name":"","source":{"id":"14607ce7-3753-32a0-8584-03f66b9a6655","type":"PROCESSOR","groupId":"b28f418b-2828-314e-8ea3-95fcd85cf7f9","name":"InvokeHTTP","comments":"","instanceIdentifier":"d4f02a59-57fa-3feb-a365-99c7bee3d583"},"destination":{"id":"81e448a5-bb7d-30b6-8840-bd29f425a444","type":"FUNNEL","groupId":"b28f418b-2828-314e-8ea3-95fcd85cf7f9","name":"Funnel","comments":"","instanceIdentifier":"180333ab-260f-3cf2-b8f3-59255d9cef54"},"labelIndex":0,"zIndex":2,"selectedRelationships":["No Retry","Retry","Original","Failure"],"backPressureObjectThreshold":10000,"backPressureDataSizeThreshold":"1 GB","flowFileExpiration":"0 sec","prioritizers":[],"bends":[],"loadBalanceStrategy":"DO_NOT_LOAD_BALANCE","partitioningAttribute":"","loadBalanceCompression":"DO_NOT_COMPRESS","componentType":"CONNECTION","groupIdentifier":"b28f418b-2828-314e-8ea3-95fcd85cf7f9"},{"identifier":"a3d1b458-4074-3b5a-b470-a9e556010016","instanceIdentifier":"a435ab87-c804-37c5-af13-3399071bd0b7","name":"","source":{"id":"14607ce7-3753-32a0-8584-03f66b9a6655","type":"PROCESSOR","groupId":"b28f418b-2828-314e-8ea3-95fcd85cf7f9","name":"InvokeHTTP","comments":"","instanceIdentifier":"d4f02a59-57fa-3feb-a365-99c7bee3d583"},"destination":{"id":"0b3bff3e-0db3-3e99-9ce8-280cde2849db","type":"PROCESSOR","groupId":"b28f418b-2828-314e-8ea3-95fcd85cf7f9","name":"JoltTransformJSON","comments":"","instanceIdentifier":"bf95d8e0-1379-3b55-88b5-5348e7fc9fe4"},"labelIndex":0,"zIndex":8,"selectedRelationships":["Response"],"backPressureObjectThreshold":10000,"backPressureDataSizeThreshold":"1 GB","flowFileExpiration":"0 sec","prioritizers":[],"bends":[],"loadBalanceStrategy":"DO_NOT_LOAD_BALANCE","partitioningAttribute":"","loadBalanceCompression":"DO_NOT_COMPRESS","componentType":"CONNECTION","groupIdentifier":"b28f418b-2828-314e-8ea3-95fcd85cf7f9"}],"labels":[],"funnels":[{"identifier":"81e448a5-bb7d-30b6-8840-bd29f425a444","instanceIdentifier":"180333ab-260f-3cf2-b8f3-59255d9cef54","position":{"x":-536.0,"y":-168.0},"componentType":"FUNNEL","groupIdentifier":"b28f418b-2828-314e-8ea3-95fcd85cf7f9"},{"identifier":"84de6df1-bb7a-32c0-8fcd-2ca1fe4706eb","instanceIdentifier":"ef45c34f-f4f2-32b1-b063-fe19700fdbd9","position":{"x":-456.0,"y":280.0},"componentType":"FUNNEL","groupIdentifier":"b28f418b-2828-314e-8ea3-95fcd85cf7f9"}],"controllerServices":[{"identifier":"bdadfdab-0cfb-3271-8077-4cda96d06612","instanceIdentifier":"eb8eeeeb-ef7c-3edd-ac43-23f973ea1985","name":"JsonTreeReader","comments":"","type":"org.apache.nifi.json.JsonTreeReader","bundle":{"group":"org.apache.nifi","artifact":"nifi-record-serialization-services-nar","version":"2025.12.16.19"},"properties":{"Schema Branch":null,"Schema Reference Reader":null,"Schema Text":"${avro.schema}","Starting Field Name":null,"Max String Length":"20 MB","Schema Inference Cache":null,"Starting Field Strategy":"ROOT_NODE","Schema Registry":null,"Schema Access Strategy":"infer-schema","Schema Name":"${schema.name}","Timestamp Format":null,"Date Format":null,"Schema Application Strategy":"SELECTED_PART","Schema Version":null,"Time Format":null,"Allow Comments":"false"},"propertyDescriptors":{"Schema Branch":{"name":"Schema Branch","displayName":"Schema Branch","identifiesControllerService":false,"sensitive":false,"dynamic":false},"Schema Reference Reader":{"name":"Schema Reference Reader","displayName":"Schema Reference Reader","identifiesControllerService":true,"sensitive":false,"dynamic":false},"Schema Text":{"name":"Schema Text","displayName":"Schema Text","identifiesControllerService":false,"sensitive":false,"dynamic":false},"Starting Field Name":{"name":"Starting Field Name","displayName":"Starting Field Name","identifiesControllerService":false,"sensitive":false,"dynamic":false},"Max String Length":{"name":"Max String Length","displayName":"Max String Length","identifiesControllerService":false,"sensitive":false,"dynamic":false},"Schema Inference Cache":{"name":"Schema Inference Cache","displayName":"Schema Inference Cache","identifiesControllerService":true,"sensitive":false,"dynamic":false},"Starting Field Strategy":{"name":"Starting Field Strategy","displayName":"Starting Field Strategy","identifiesControllerService":false,"sensitive":false,"dynamic":false},"Schema Registry":{"name":"Schema Registry","displayName":"Schema Registry","identifiesControllerService":true,"sensitive":false,"dynamic":false},"Schema Access Strategy":{"name":"Schema Access Strategy","displayName":"Schema Access Strategy","identifiesControllerService":false,"sensitive":false,"dynamic":false},"Schema Name":{"name":"Schema Name","displayName":"Schema Name","identifiesControllerService":false,"sensitive":false,"dynamic":false},"Timestamp Format":{"name":"Timestamp Format","displayName":"Timestamp Format","identifiesControllerService":false,"sensitive":false,"dynamic":false},"Date Format":{"name":"Date Format","displayName":"Date Format","identifiesControllerService":false,"sensitive":false,"dynamic":false},"Schema Application Strategy":{"name":"Schema Application Strategy","displayName":"Schema Application Strategy","identifiesControllerService":false,"sensitive":false,"dynamic":false},"Schema Version":{"name":"Schema Version","displayName":"Schema Version","identifiesControllerService":false,"sensitive":false,"dynamic":false},"Time Format":{"name":"Time Format","displayName":"Time Format","identifiesControllerService":false,"sensitive":false,"dynamic":false},"Allow Comments":{"name":"Allow Comments","displayName":"Allow Comments","identifiesControllerService":false,"sensitive":false,"dynamic":false}},"controllerServiceApis":[{"type":"org.apache.nifi.serialization.RecordReaderFactory","bundle":{"group":"org.apache.nifi","artifact":"nifi-standard-services-api-nar","version":"2025.12.16.19"}}],"scheduledState":"DISABLED","bulletinLevel":"WARN","componentType":"CONTROLLER_SERVICE","groupIdentifier":"b28f418b-2828-314e-8ea3-95fcd85cf7f9"}],"parameterContextName":"1_API","defaultFlowFileExpiration":"0 sec","defaultBackPressureObjectThreshold":10000,"defaultBackPressureDataSizeThreshold":"1 GB","scheduledState":"ENABLED","executionEngine":"INHERITED","maxConcurrentTasks":1,"statelessFlowTimeout":"1 min","flowFileConcurrency":"UNBOUNDED","flowFileOutboundPolicy":"STREAM_WHEN_AVAILABLE","componentType":"PROCESS_GROUP"},"externalControllerServices":{},"parameterContexts":{"1_API":{"name":"1_API","parameters":[{"name":"api_1_url","description":"The api endpoint we will be grabbing.","sensitive":false,"provided":false,"value":"https://api.openweathermap.org/data/2.5/weather?q=london&APPID=119dfadfcf6cb65bb66c69ef1db3f482"}],"inheritedParameterContexts":["2_Snowflake","If deployed in AWS"],"description":"Your SFTP configurations.","componentType":"PARAMETER_CONTEXT"},"2_Snowflake":{"name":"2_Snowflake","parameters":[{"name":"snowflake_6_table","description":"The table we want to put the API data into.","sensitive":false,"provided":false},{"name":"snowflake_3_warehouse","description":"Snowflake warehouse to use when uploading the file.","sensitive":false,"provided":false},{"name":"snowflake_2_role","description":"The snowflake role to use to perform any snowflake operations.","sensitive":false,"provided":false},{"name":"snowflake_4_database","description":"This is the database for where the file will be dropped into.","sensitive":false,"provided":false},{"name":"snowflake_5_schema","description":"This is the schema for where the file will be dropped into.","sensitive":false,"provided":false},{"name":"snowflake_1_connection_strategy","description":"If deployed on Snowflake - SNOWFLAKE_SESSION_TOKEN\n\nif deployed on AWS - KEY_PAIR","sensitive":false,"provided":false}],"inheritedParameterContexts":[],"description":"Required Snowflake parameters.","componentType":"PARAMETER_CONTEXT"},"If deployed in AWS":{"name":"If deployed in AWS","parameters":[{"name":"snowflake_9_private_key","description":"The private key to login into the user.","sensitive":false,"provided":false},{"name":"snowflake_7_account_identifier","description":"This can be found by clicking on your profile in the bottom left corner, hovering over the account, and clicking account details.","sensitive":false,"provided":false},{"name":"snowflake_8_username","description":"The user that will be used to login to.","sensitive":false,"provided":false}],"inheritedParameterContexts":[],"description":"Only used if hosted in AWS.","componentType":"PARAMETER_CONTEXT"}},"flowEncodingVersion":"1.0","parameterProviders":{},"latest":false}