{
  "externalControllerServices" : { },
  "flow" : {
    "createdTimestamp" : 1765052144840,
    "description" : "Load data from an api to snowflake.",
    "identifier" : "APItotable",
    "lastModifiedTimestamp" : 1765052144840,
    "name" : "API_to_table",
    "versionCount" : 0
  },
  "flowContents" : {
    "comments" : "",
    "componentType" : "PROCESS_GROUP",
    "connections" : [ {
      "backPressureDataSizeThreshold" : "1 GB",
      "backPressureObjectThreshold" : 10000,
      "bends" : [ ],
      "componentType" : "CONNECTION",
      "destination" : {
        "comments" : "",
        "groupId" : "flow-contents-group",
        "id" : "84de6df1-bb7a-32c0-8fcd-2ca1fe4706eb",
        "name" : "Funnel",
        "type" : "FUNNEL"
      },
      "flowFileExpiration" : "0 sec",
      "groupIdentifier" : "flow-contents-group",
      "identifier" : "018ff39b-6009-3358-9700-672ef75811da",
      "labelIndex" : 0,
      "loadBalanceCompression" : "DO_NOT_COMPRESS",
      "loadBalanceStrategy" : "DO_NOT_LOAD_BALANCE",
      "name" : "",
      "partitioningAttribute" : "",
      "prioritizers" : [ ],
      "selectedRelationships" : [ "success" ],
      "source" : {
        "comments" : "",
        "groupId" : "flow-contents-group",
        "id" : "66f85a09-6042-3b2a-bf02-792fdf3ee5bc",
        "name" : "PutSnowpipeStreaming",
        "type" : "PROCESSOR"
      },
      "zIndex" : 5
    }, {
      "backPressureDataSizeThreshold" : "1 GB",
      "backPressureObjectThreshold" : 10000,
      "bends" : [ ],
      "componentType" : "CONNECTION",
      "destination" : {
        "comments" : "",
        "groupId" : "flow-contents-group",
        "id" : "81e448a5-bb7d-30b6-8840-bd29f425a444",
        "name" : "Funnel",
        "type" : "FUNNEL"
      },
      "flowFileExpiration" : "0 sec",
      "groupIdentifier" : "flow-contents-group",
      "identifier" : "06bcbbe4-c327-325a-a160-ab456dbf1731",
      "labelIndex" : 0,
      "loadBalanceCompression" : "DO_NOT_COMPRESS",
      "loadBalanceStrategy" : "DO_NOT_LOAD_BALANCE",
      "name" : "",
      "partitioningAttribute" : "",
      "prioritizers" : [ ],
      "selectedRelationships" : [ "Failure", "No Retry", "Original", "Retry" ],
      "source" : {
        "comments" : "",
        "groupId" : "flow-contents-group",
        "id" : "14607ce7-3753-32a0-8584-03f66b9a6655",
        "name" : "InvokeHTTP",
        "type" : "PROCESSOR"
      },
      "zIndex" : 2
    }, {
      "backPressureDataSizeThreshold" : "1 GB",
      "backPressureObjectThreshold" : 10000,
      "bends" : [ ],
      "componentType" : "CONNECTION",
      "destination" : {
        "comments" : "",
        "groupId" : "flow-contents-group",
        "id" : "81e448a5-bb7d-30b6-8840-bd29f425a444",
        "name" : "Funnel",
        "type" : "FUNNEL"
      },
      "flowFileExpiration" : "0 sec",
      "groupIdentifier" : "flow-contents-group",
      "identifier" : "242c32b8-e812-3787-b5cb-0d855add3658",
      "labelIndex" : 0,
      "loadBalanceCompression" : "DO_NOT_COMPRESS",
      "loadBalanceStrategy" : "DO_NOT_LOAD_BALANCE",
      "name" : "",
      "partitioningAttribute" : "",
      "prioritizers" : [ ],
      "selectedRelationships" : [ "failure" ],
      "source" : {
        "comments" : "",
        "groupId" : "flow-contents-group",
        "id" : "0b3bff3e-0db3-3e99-9ce8-280cde2849db",
        "name" : "JoltTransformJSON",
        "type" : "PROCESSOR"
      },
      "zIndex" : 7
    }, {
      "backPressureDataSizeThreshold" : "1 GB",
      "backPressureObjectThreshold" : 10000,
      "bends" : [ ],
      "componentType" : "CONNECTION",
      "destination" : {
        "comments" : "",
        "groupId" : "flow-contents-group",
        "id" : "66f85a09-6042-3b2a-bf02-792fdf3ee5bc",
        "name" : "PutSnowpipeStreaming",
        "type" : "PROCESSOR"
      },
      "flowFileExpiration" : "0 sec",
      "groupIdentifier" : "flow-contents-group",
      "identifier" : "644e5aca-42af-3729-a9b4-a5d84bb96a2a",
      "labelIndex" : 0,
      "loadBalanceCompression" : "DO_NOT_COMPRESS",
      "loadBalanceStrategy" : "DO_NOT_LOAD_BALANCE",
      "name" : "",
      "partitioningAttribute" : "",
      "prioritizers" : [ ],
      "selectedRelationships" : [ "success" ],
      "source" : {
        "comments" : "",
        "groupId" : "flow-contents-group",
        "id" : "0b3bff3e-0db3-3e99-9ce8-280cde2849db",
        "name" : "JoltTransformJSON",
        "type" : "PROCESSOR"
      },
      "zIndex" : 6
    }, {
      "backPressureDataSizeThreshold" : "1 GB",
      "backPressureObjectThreshold" : 10000,
      "bends" : [ ],
      "componentType" : "CONNECTION",
      "destination" : {
        "comments" : "",
        "groupId" : "flow-contents-group",
        "id" : "81e448a5-bb7d-30b6-8840-bd29f425a444",
        "name" : "Funnel",
        "type" : "FUNNEL"
      },
      "flowFileExpiration" : "0 sec",
      "groupIdentifier" : "flow-contents-group",
      "identifier" : "9fd99fef-6b1e-31ec-83eb-9bd2b7f0cf1b",
      "labelIndex" : 0,
      "loadBalanceCompression" : "DO_NOT_COMPRESS",
      "loadBalanceStrategy" : "DO_NOT_LOAD_BALANCE",
      "name" : "",
      "partitioningAttribute" : "",
      "prioritizers" : [ ],
      "selectedRelationships" : [ "failure" ],
      "source" : {
        "comments" : "",
        "groupId" : "flow-contents-group",
        "id" : "66f85a09-6042-3b2a-bf02-792fdf3ee5bc",
        "name" : "PutSnowpipeStreaming",
        "type" : "PROCESSOR"
      },
      "zIndex" : 4
    }, {
      "backPressureDataSizeThreshold" : "1 GB",
      "backPressureObjectThreshold" : 10000,
      "bends" : [ ],
      "componentType" : "CONNECTION",
      "destination" : {
        "comments" : "",
        "groupId" : "flow-contents-group",
        "id" : "0b3bff3e-0db3-3e99-9ce8-280cde2849db",
        "name" : "JoltTransformJSON",
        "type" : "PROCESSOR"
      },
      "flowFileExpiration" : "0 sec",
      "groupIdentifier" : "flow-contents-group",
      "identifier" : "a3d1b458-4074-3b5a-b470-a9e556010016",
      "labelIndex" : 0,
      "loadBalanceCompression" : "DO_NOT_COMPRESS",
      "loadBalanceStrategy" : "DO_NOT_LOAD_BALANCE",
      "name" : "",
      "partitioningAttribute" : "",
      "prioritizers" : [ ],
      "selectedRelationships" : [ "Response" ],
      "source" : {
        "comments" : "",
        "groupId" : "flow-contents-group",
        "id" : "14607ce7-3753-32a0-8584-03f66b9a6655",
        "name" : "InvokeHTTP",
        "type" : "PROCESSOR"
      },
      "zIndex" : 8
    } ],
    "controllerServices" : [ {
      "bulletinLevel" : "WARN",
      "bundle" : {
        "artifact" : "nifi-record-serialization-services-nar",
        "group" : "org.apache.nifi",
        "version" : "2025.12.4.19"
      },
      "comments" : "",
      "componentType" : "CONTROLLER_SERVICE",
      "controllerServiceApis" : [ {
        "bundle" : {
          "artifact" : "nifi-standard-services-api-nar",
          "group" : "org.apache.nifi",
          "version" : "2025.12.4.19"
        },
        "type" : "org.apache.nifi.serialization.RecordReaderFactory"
      } ],
      "groupIdentifier" : "flow-contents-group",
      "identifier" : "bdadfdab-0cfb-3271-8077-4cda96d06612",
      "name" : "JsonTreeReader",
      "properties" : {
        "Schema Text" : "${avro.schema}",
        "Max String Length" : "20 MB",
        "Starting Field Strategy" : "ROOT_NODE",
        "Schema Access Strategy" : "infer-schema",
        "Schema Name" : "${schema.name}",
        "Schema Application Strategy" : "SELECTED_PART",
        "Allow Comments" : "false"
      },
      "propertyDescriptors" : {
        "Schema Branch" : {
          "displayName" : "Schema Branch",
          "dynamic" : false,
          "identifiesControllerService" : false,
          "name" : "Schema Branch",
          "sensitive" : false
        },
        "Schema Reference Reader" : {
          "displayName" : "Schema Reference Reader",
          "dynamic" : false,
          "identifiesControllerService" : true,
          "name" : "Schema Reference Reader",
          "sensitive" : false
        },
        "Schema Text" : {
          "displayName" : "Schema Text",
          "dynamic" : false,
          "identifiesControllerService" : false,
          "name" : "Schema Text",
          "sensitive" : false
        },
        "Starting Field Name" : {
          "displayName" : "Starting Field Name",
          "dynamic" : false,
          "identifiesControllerService" : false,
          "name" : "Starting Field Name",
          "sensitive" : false
        },
        "Max String Length" : {
          "displayName" : "Max String Length",
          "dynamic" : false,
          "identifiesControllerService" : false,
          "name" : "Max String Length",
          "sensitive" : false
        },
        "Schema Inference Cache" : {
          "displayName" : "Schema Inference Cache",
          "dynamic" : false,
          "identifiesControllerService" : true,
          "name" : "Schema Inference Cache",
          "sensitive" : false
        },
        "Starting Field Strategy" : {
          "displayName" : "Starting Field Strategy",
          "dynamic" : false,
          "identifiesControllerService" : false,
          "name" : "Starting Field Strategy",
          "sensitive" : false
        },
        "Schema Registry" : {
          "displayName" : "Schema Registry",
          "dynamic" : false,
          "identifiesControllerService" : true,
          "name" : "Schema Registry",
          "sensitive" : false
        },
        "Schema Access Strategy" : {
          "displayName" : "Schema Access Strategy",
          "dynamic" : false,
          "identifiesControllerService" : false,
          "name" : "Schema Access Strategy",
          "sensitive" : false
        },
        "Schema Name" : {
          "displayName" : "Schema Name",
          "dynamic" : false,
          "identifiesControllerService" : false,
          "name" : "Schema Name",
          "sensitive" : false
        },
        "Timestamp Format" : {
          "displayName" : "Timestamp Format",
          "dynamic" : false,
          "identifiesControllerService" : false,
          "name" : "Timestamp Format",
          "sensitive" : false
        },
        "Date Format" : {
          "displayName" : "Date Format",
          "dynamic" : false,
          "identifiesControllerService" : false,
          "name" : "Date Format",
          "sensitive" : false
        },
        "Schema Application Strategy" : {
          "displayName" : "Schema Application Strategy",
          "dynamic" : false,
          "identifiesControllerService" : false,
          "name" : "Schema Application Strategy",
          "sensitive" : false
        },
        "Schema Version" : {
          "displayName" : "Schema Version",
          "dynamic" : false,
          "identifiesControllerService" : false,
          "name" : "Schema Version",
          "sensitive" : false
        },
        "Time Format" : {
          "displayName" : "Time Format",
          "dynamic" : false,
          "identifiesControllerService" : false,
          "name" : "Time Format",
          "sensitive" : false
        },
        "Allow Comments" : {
          "displayName" : "Allow Comments",
          "dynamic" : false,
          "identifiesControllerService" : false,
          "name" : "Allow Comments",
          "sensitive" : false
        }
      },
      "scheduledState" : "DISABLED",
      "type" : "org.apache.nifi.json.JsonTreeReader"
    } ],
    "defaultBackPressureDataSizeThreshold" : "1 GB",
    "defaultBackPressureObjectThreshold" : 10000,
    "defaultFlowFileExpiration" : "0 sec",
    "executionEngine" : "INHERITED",
    "externalControllerServiceReferences" : { },
    "flowFileConcurrency" : "UNBOUNDED",
    "flowFileOutboundPolicy" : "STREAM_WHEN_AVAILABLE",
    "funnels" : [ {
      "componentType" : "FUNNEL",
      "groupIdentifier" : "flow-contents-group",
      "identifier" : "81e448a5-bb7d-30b6-8840-bd29f425a444",
      "position" : {
        "x" : -536.0,
        "y" : -168.0
      }
    }, {
      "componentType" : "FUNNEL",
      "groupIdentifier" : "flow-contents-group",
      "identifier" : "84de6df1-bb7a-32c0-8fcd-2ca1fe4706eb",
      "position" : {
        "x" : -456.0,
        "y" : 280.0
      }
    } ],
    "identifier" : "flow-contents-group",
    "inputPorts" : [ ],
    "labels" : [ ],
    "maxConcurrentTasks" : 1,
    "name" : "API",
    "outputPorts" : [ ],
    "parameterContextName" : "1_API",
    "position" : {
      "x" : 0.0,
      "y" : 0.0
    },
    "processGroups" : [ ],
    "processors" : [ {
      "autoTerminatedRelationships" : [ ],
      "backoffMechanism" : "PENALIZE_FLOWFILE",
      "bulletinLevel" : "WARN",
      "bundle" : {
        "artifact" : "nifi-jolt-nar",
        "group" : "org.apache.nifi",
        "version" : "2025.12.4.19"
      },
      "comments" : "",
      "componentType" : "PROCESSOR",
      "concurrentlySchedulableTaskCount" : 1,
      "executionNode" : "ALL",
      "groupIdentifier" : "flow-contents-group",
      "identifier" : "0b3bff3e-0db3-3e99-9ce8-280cde2849db",
      "maxBackoffPeriod" : "10 mins",
      "name" : "JoltTransformJSON",
      "penaltyDuration" : "30 sec",
      "position" : {
        "x" : -128.0,
        "y" : -112.0
      },
      "properties" : {
        "JSON Source" : "FLOW_FILE",
        "Jolt Transform" : "jolt-transform-chain",
        "Max String Length" : "20 MB",
        "Transform Cache Size" : "1",
        "Pretty Print" : "false",
        "Jolt Specification" : "[\n  {\n    \"operation\": \"shift\",\n    \"spec\": {\n      \"@\": \"RAW\"\n    }\n  }\n]"
      },
      "propertyDescriptors" : {
        "JSON Source" : {
          "displayName" : "JSON Source",
          "dynamic" : false,
          "identifiesControllerService" : false,
          "name" : "JSON Source",
          "sensitive" : false
        },
        "Jolt Transform" : {
          "displayName" : "Jolt Transform",
          "dynamic" : false,
          "identifiesControllerService" : false,
          "name" : "Jolt Transform",
          "sensitive" : false
        },
        "JSON Source Attribute" : {
          "displayName" : "JSON Source Attribute",
          "dynamic" : false,
          "identifiesControllerService" : false,
          "name" : "JSON Source Attribute",
          "sensitive" : false
        },
        "Max String Length" : {
          "displayName" : "Max String Length",
          "dynamic" : false,
          "identifiesControllerService" : false,
          "name" : "Max String Length",
          "sensitive" : false
        },
        "Transform Cache Size" : {
          "displayName" : "Transform Cache Size",
          "dynamic" : false,
          "identifiesControllerService" : false,
          "name" : "Transform Cache Size",
          "sensitive" : false
        },
        "Custom Transformation Class Name" : {
          "displayName" : "Custom Transformation Class Name",
          "dynamic" : false,
          "identifiesControllerService" : false,
          "name" : "Custom Transformation Class Name",
          "sensitive" : false
        },
        "Custom Module Directory" : {
          "displayName" : "Custom Module Directory",
          "dynamic" : false,
          "identifiesControllerService" : false,
          "name" : "Custom Module Directory",
          "resourceDefinition" : {
            "cardinality" : "MULTIPLE",
            "resourceTypes" : [ "DIRECTORY", "FILE" ]
          },
          "sensitive" : false
        },
        "Pretty Print" : {
          "displayName" : "Pretty Print",
          "dynamic" : false,
          "identifiesControllerService" : false,
          "name" : "Pretty Print",
          "sensitive" : false
        },
        "Jolt Specification" : {
          "displayName" : "Jolt Specification",
          "dynamic" : false,
          "identifiesControllerService" : false,
          "name" : "Jolt Specification",
          "resourceDefinition" : {
            "cardinality" : "SINGLE",
            "resourceTypes" : [ "FILE", "TEXT" ]
          },
          "sensitive" : false
        }
      },
      "retriedRelationships" : [ ],
      "retryCount" : 10,
      "runDurationMillis" : 0,
      "scheduledState" : "ENABLED",
      "schedulingPeriod" : "0 sec",
      "schedulingStrategy" : "TIMER_DRIVEN",
      "style" : { },
      "type" : "org.apache.nifi.processors.jolt.JoltTransformJSON",
      "yieldDuration" : "1 sec"
    }, {
      "autoTerminatedRelationships" : [ ],
      "backoffMechanism" : "PENALIZE_FLOWFILE",
      "bulletinLevel" : "WARN",
      "bundle" : {
        "artifact" : "nifi-standard-nar",
        "group" : "org.apache.nifi",
        "version" : "2025.12.4.19"
      },
      "comments" : "",
      "componentType" : "PROCESSOR",
      "concurrentlySchedulableTaskCount" : 1,
      "executionNode" : "ALL",
      "groupIdentifier" : "flow-contents-group",
      "identifier" : "14607ce7-3753-32a0-8584-03f66b9a6655",
      "maxBackoffPeriod" : "10 mins",
      "name" : "InvokeHTTP",
      "penaltyDuration" : "30 sec",
      "position" : {
        "x" : -134.5,
        "y" : -316.0
      },
      "properties" : {
        "Request Content-Encoding" : "DISABLED",
        "Request Multipart Form-Data Filename Enabled" : "true",
        "Request Chunked Transfer-Encoding Enabled" : "false",
        "HTTP/2 Disabled" : "False",
        "Connection Timeout" : "5 secs",
        "Response Cookie Strategy" : "DISABLED",
        "Socket Read Timeout" : "15 secs",
        "Socket Idle Connections" : "5",
        "Request Body Enabled" : "true",
        "OAuth2 Access Token Refresh Strategy" : "ON_TOKEN_EXPIRATION",
        "HTTP URL" : "#{api_1_url}",
        "Socket Idle Timeout" : "5 mins",
        "Response Redirects Enabled" : "True",
        "Socket Write Timeout" : "15 secs",
        "Response FlowFile Naming Strategy" : "RANDOM",
        "Response Cache Enabled" : "false",
        "Request Date Header Enabled" : "True",
        "Request Failure Penalization Enabled" : "false",
        "Response Body Attribute Size" : "256",
        "Response Generation Required" : "false",
        "Response Header Request Attributes Enabled" : "false",
        "HTTP Method" : "GET",
        "Request Content-Type" : "${mime.type}",
        "Request Digest Authentication Enabled" : "false",
        "Response Cache Size" : "10MB",
        "Response Body Ignored" : "false"
      },
      "propertyDescriptors" : {
        "Request Content-Encoding" : {
          "displayName" : "Request Content-Encoding",
          "dynamic" : false,
          "identifiesControllerService" : false,
          "name" : "Request Content-Encoding",
          "sensitive" : false
        },
        "Request Multipart Form-Data Filename Enabled" : {
          "displayName" : "Request Multipart Form-Data Filename Enabled",
          "dynamic" : false,
          "identifiesControllerService" : false,
          "name" : "Request Multipart Form-Data Filename Enabled",
          "sensitive" : false
        },
        "Request Chunked Transfer-Encoding Enabled" : {
          "displayName" : "Request Chunked Transfer-Encoding Enabled",
          "dynamic" : false,
          "identifiesControllerService" : false,
          "name" : "Request Chunked Transfer-Encoding Enabled",
          "sensitive" : false
        },
        "Response Header Request Attributes Prefix" : {
          "displayName" : "Response Header Request Attributes Prefix",
          "dynamic" : false,
          "identifiesControllerService" : false,
          "name" : "Response Header Request Attributes Prefix",
          "sensitive" : false
        },
        "Proxy Configuration Service" : {
          "displayName" : "Proxy Configuration Service",
          "dynamic" : false,
          "identifiesControllerService" : true,
          "name" : "Proxy Configuration Service",
          "sensitive" : false
        },
        "HTTP/2 Disabled" : {
          "displayName" : "HTTP/2 Disabled",
          "dynamic" : false,
          "identifiesControllerService" : false,
          "name" : "HTTP/2 Disabled",
          "sensitive" : false
        },
        "Connection Timeout" : {
          "displayName" : "Connection Timeout",
          "dynamic" : false,
          "identifiesControllerService" : false,
          "name" : "Connection Timeout",
          "sensitive" : false
        },
        "Response Cookie Strategy" : {
          "displayName" : "Response Cookie Strategy",
          "dynamic" : false,
          "identifiesControllerService" : false,
          "name" : "Response Cookie Strategy",
          "sensitive" : false
        },
        "Request Password" : {
          "displayName" : "Request Password",
          "dynamic" : false,
          "identifiesControllerService" : false,
          "name" : "Request Password",
          "sensitive" : true
        },
        "Socket Read Timeout" : {
          "displayName" : "Socket Read Timeout",
          "dynamic" : false,
          "identifiesControllerService" : false,
          "name" : "Socket Read Timeout",
          "sensitive" : false
        },
        "Socket Idle Connections" : {
          "displayName" : "Socket Idle Connections",
          "dynamic" : false,
          "identifiesControllerService" : false,
          "name" : "Socket Idle Connections",
          "sensitive" : false
        },
        "Request Body Enabled" : {
          "displayName" : "Request Body Enabled",
          "dynamic" : false,
          "identifiesControllerService" : false,
          "name" : "Request Body Enabled",
          "sensitive" : false
        },
        "OAuth2 Access Token Refresh Strategy" : {
          "displayName" : "OAuth2 Access Token Refresh Strategy",
          "dynamic" : false,
          "identifiesControllerService" : false,
          "name" : "OAuth2 Access Token Refresh Strategy",
          "sensitive" : false
        },
        "HTTP URL" : {
          "displayName" : "HTTP URL",
          "dynamic" : false,
          "identifiesControllerService" : false,
          "name" : "HTTP URL",
          "sensitive" : false
        },
        "Request OAuth2 Access Token Provider" : {
          "displayName" : "Request OAuth2 Access Token Provider",
          "dynamic" : false,
          "identifiesControllerService" : true,
          "name" : "Request OAuth2 Access Token Provider",
          "sensitive" : false
        },
        "Socket Idle Timeout" : {
          "displayName" : "Socket Idle Timeout",
          "dynamic" : false,
          "identifiesControllerService" : false,
          "name" : "Socket Idle Timeout",
          "sensitive" : false
        },
        "Response Redirects Enabled" : {
          "displayName" : "Response Redirects Enabled",
          "dynamic" : false,
          "identifiesControllerService" : false,
          "name" : "Response Redirects Enabled",
          "sensitive" : false
        },
        "Socket Write Timeout" : {
          "displayName" : "Socket Write Timeout",
          "dynamic" : false,
          "identifiesControllerService" : false,
          "name" : "Socket Write Timeout",
          "sensitive" : false
        },
        "Request Header Attributes Pattern" : {
          "displayName" : "Request Header Attributes Pattern",
          "dynamic" : false,
          "identifiesControllerService" : false,
          "name" : "Request Header Attributes Pattern",
          "sensitive" : false
        },
        "Response FlowFile Naming Strategy" : {
          "displayName" : "Response FlowFile Naming Strategy",
          "dynamic" : false,
          "identifiesControllerService" : false,
          "name" : "Response FlowFile Naming Strategy",
          "sensitive" : false
        },
        "Response Cache Enabled" : {
          "displayName" : "Response Cache Enabled",
          "dynamic" : false,
          "identifiesControllerService" : false,
          "name" : "Response Cache Enabled",
          "sensitive" : false
        },
        "Request Date Header Enabled" : {
          "displayName" : "Request Date Header Enabled",
          "dynamic" : false,
          "identifiesControllerService" : false,
          "name" : "Request Date Header Enabled",
          "sensitive" : false
        },
        "Request Failure Penalization Enabled" : {
          "displayName" : "Request Failure Penalization Enabled",
          "dynamic" : false,
          "identifiesControllerService" : false,
          "name" : "Request Failure Penalization Enabled",
          "sensitive" : false
        },
        "Response Body Attribute Size" : {
          "displayName" : "Response Body Attribute Size",
          "dynamic" : false,
          "identifiesControllerService" : false,
          "name" : "Response Body Attribute Size",
          "sensitive" : false
        },
        "SSL Context Service" : {
          "displayName" : "SSL Context Service",
          "dynamic" : false,
          "identifiesControllerService" : true,
          "name" : "SSL Context Service",
          "sensitive" : false
        },
        "Response Generation Required" : {
          "displayName" : "Response Generation Required",
          "dynamic" : false,
          "identifiesControllerService" : false,
          "name" : "Response Generation Required",
          "sensitive" : false
        },
        "Request User-Agent" : {
          "displayName" : "Request User-Agent",
          "dynamic" : false,
          "identifiesControllerService" : false,
          "name" : "Request User-Agent",
          "sensitive" : false
        },
        "Response Header Request Attributes Enabled" : {
          "displayName" : "Response Header Request Attributes Enabled",
          "dynamic" : false,
          "identifiesControllerService" : false,
          "name" : "Response Header Request Attributes Enabled",
          "sensitive" : false
        },
        "HTTP Method" : {
          "displayName" : "HTTP Method",
          "dynamic" : false,
          "identifiesControllerService" : false,
          "name" : "HTTP Method",
          "sensitive" : false
        },
        "Request Username" : {
          "displayName" : "Request Username",
          "dynamic" : false,
          "identifiesControllerService" : false,
          "name" : "Request Username",
          "sensitive" : false
        },
        "Request Content-Type" : {
          "displayName" : "Request Content-Type",
          "dynamic" : false,
          "identifiesControllerService" : false,
          "name" : "Request Content-Type",
          "sensitive" : false
        },
        "Response Body Attribute Name" : {
          "displayName" : "Response Body Attribute Name",
          "dynamic" : false,
          "identifiesControllerService" : false,
          "name" : "Response Body Attribute Name",
          "sensitive" : false
        },
        "Request Digest Authentication Enabled" : {
          "displayName" : "Request Digest Authentication Enabled",
          "dynamic" : false,
          "identifiesControllerService" : false,
          "name" : "Request Digest Authentication Enabled",
          "sensitive" : false
        },
        "Request Multipart Form-Data Name" : {
          "displayName" : "Request Multipart Form-Data Name",
          "dynamic" : false,
          "identifiesControllerService" : false,
          "name" : "Request Multipart Form-Data Name",
          "sensitive" : false
        },
        "Response Cache Size" : {
          "displayName" : "Response Cache Size",
          "dynamic" : false,
          "identifiesControllerService" : false,
          "name" : "Response Cache Size",
          "sensitive" : false
        },
        "Response Body Ignored" : {
          "displayName" : "Response Body Ignored",
          "dynamic" : false,
          "identifiesControllerService" : false,
          "name" : "Response Body Ignored",
          "sensitive" : false
        }
      },
      "retriedRelationships" : [ ],
      "retryCount" : 10,
      "runDurationMillis" : 0,
      "scheduledState" : "ENABLED",
      "schedulingPeriod" : "0 sec",
      "schedulingStrategy" : "TIMER_DRIVEN",
      "style" : { },
      "type" : "org.apache.nifi.processors.standard.InvokeHTTP",
      "yieldDuration" : "1 sec"
    }, {
      "autoTerminatedRelationships" : [ ],
      "backoffMechanism" : "PENALIZE_FLOWFILE",
      "bulletinLevel" : "WARN",
      "bundle" : {
        "artifact" : "runtime-snowpipe-processors-nar",
        "group" : "com.snowflake.openflow.runtime",
        "version" : "2025.12.4.19"
      },
      "comments" : "",
      "componentType" : "PROCESSOR",
      "concurrentlySchedulableTaskCount" : 1,
      "executionNode" : "ALL",
      "groupIdentifier" : "flow-contents-group",
      "identifier" : "66f85a09-6042-3b2a-bf02-792fdf3ee5bc",
      "maxBackoffPeriod" : "10 mins",
      "name" : "PutSnowpipeStreaming",
      "penaltyDuration" : "30 sec",
      "position" : {
        "x" : -128.0,
        "y" : 112.0
      },
      "properties" : {
        "Account" : "#{snowflake_7_account_identifier}",
        "User" : "#{snowflake_8_username}",
        "Table" : "#{snowflake_6_table}",
        "Max Batch Size" : "10000",
        "Schema" : "#{snowflake_5_schema}",
        "Max Tasks Per Group" : "1",
        "Record Reader" : "bdadfdab-0cfb-3271-8077-4cda96d06612",
        "Iceberg Enabled" : "false",
        "Private Key Service" : "#{snowflake_9_private_key}",
        "Connection Strategy" : "STANDARD",
        "Role" : "#{snowflake_2_role}",
        "Snowpipe Channel Prefix" : "${hostname(false)}",
        "Client Lag" : "1 sec",
        "Authentication Strategy" : "#{snowflake_1_connection_strategy}",
        "Delivery Guarantee" : "At least once",
        "Database" : "#{snowflake_4_database}"
      },
      "propertyDescriptors" : {
        "Account" : {
          "displayName" : "Account",
          "dynamic" : false,
          "identifiesControllerService" : false,
          "name" : "Account",
          "sensitive" : false
        },
        "User" : {
          "displayName" : "User",
          "dynamic" : false,
          "identifiesControllerService" : false,
          "name" : "User",
          "sensitive" : false
        },
        "Table" : {
          "displayName" : "Table",
          "dynamic" : false,
          "identifiesControllerService" : false,
          "name" : "Table",
          "sensitive" : false
        },
        "Concurrency Group" : {
          "displayName" : "Concurrency Group",
          "dynamic" : false,
          "identifiesControllerService" : false,
          "name" : "Concurrency Group",
          "sensitive" : false
        },
        "Max Batch Size" : {
          "displayName" : "Max Batch Size",
          "dynamic" : false,
          "identifiesControllerService" : false,
          "name" : "Max Batch Size",
          "sensitive" : false
        },
        "Schema" : {
          "displayName" : "Schema",
          "dynamic" : false,
          "identifiesControllerService" : false,
          "name" : "Schema",
          "sensitive" : false
        },
        "Max Tasks Per Group" : {
          "displayName" : "Max Tasks Per Group",
          "dynamic" : false,
          "identifiesControllerService" : false,
          "name" : "Max Tasks Per Group",
          "sensitive" : false
        },
        "Record Offset" : {
          "displayName" : "Record Offset",
          "dynamic" : false,
          "identifiesControllerService" : false,
          "name" : "Record Offset",
          "sensitive" : false
        },
        "Record Reader" : {
          "displayName" : "Record Reader",
          "dynamic" : false,
          "identifiesControllerService" : true,
          "name" : "Record Reader",
          "sensitive" : false
        },
        "Iceberg Enabled" : {
          "displayName" : "Iceberg Enabled",
          "dynamic" : false,
          "identifiesControllerService" : false,
          "name" : "Iceberg Enabled",
          "sensitive" : false
        },
        "Snowpipe Channel Index" : {
          "displayName" : "Snowpipe Channel Index",
          "dynamic" : false,
          "identifiesControllerService" : false,
          "name" : "Snowpipe Channel Index",
          "sensitive" : false
        },
        "Connection Strategy" : {
          "displayName" : "Connection Strategy",
          "dynamic" : false,
          "identifiesControllerService" : false,
          "name" : "Connection Strategy",
          "sensitive" : false
        },
        "Role" : {
          "displayName" : "Role",
          "dynamic" : false,
          "identifiesControllerService" : false,
          "name" : "Role",
          "sensitive" : false
        },
        "Record Offset Strategy" : {
          "displayName" : "Record Offset Strategy",
          "dynamic" : false,
          "identifiesControllerService" : false,
          "name" : "Record Offset Strategy",
          "sensitive" : false
        },
        "Snowpipe Channel Prefix" : {
          "displayName" : "Snowpipe Channel Prefix",
          "dynamic" : false,
          "identifiesControllerService" : false,
          "name" : "Snowpipe Channel Prefix",
          "sensitive" : false
        },
        "Client Lag" : {
          "displayName" : "Client Lag",
          "dynamic" : false,
          "identifiesControllerService" : false,
          "name" : "Client Lag",
          "sensitive" : false
        },
        "Authentication Strategy" : {
          "displayName" : "Authentication Strategy",
          "dynamic" : false,
          "identifiesControllerService" : false,
          "name" : "Authentication Strategy",
          "sensitive" : false
        },
        "Delivery Guarantee" : {
          "displayName" : "Delivery Guarantee",
          "dynamic" : false,
          "identifiesControllerService" : false,
          "name" : "Delivery Guarantee",
          "sensitive" : false
        },
        "Record Offset Record Path" : {
          "displayName" : "Record Offset Record Path",
          "dynamic" : false,
          "identifiesControllerService" : false,
          "name" : "Record Offset Record Path",
          "sensitive" : false
        },
        "Database" : {
          "displayName" : "Database",
          "dynamic" : false,
          "identifiesControllerService" : false,
          "name" : "Database",
          "sensitive" : false
        }
      },
      "retriedRelationships" : [ ],
      "retryCount" : 10,
      "runDurationMillis" : 0,
      "scheduledState" : "ENABLED",
      "schedulingPeriod" : "0 sec",
      "schedulingStrategy" : "TIMER_DRIVEN",
      "style" : { },
      "type" : "com.snowflake.openflow.runtime.processors.snowpipe.PutSnowpipeStreaming",
      "yieldDuration" : "1 sec"
    } ],
    "remoteProcessGroups" : [ ],
    "scheduledState" : "ENABLED",
    "statelessFlowTimeout" : "1 min"
  },
  "flowEncodingVersion" : "1.0",
  "latest" : false,
  "parameterContexts" : {
    "1_API" : {
      "componentType" : "PARAMETER_CONTEXT",
      "description" : "Your SFTP configurations.",
      "inheritedParameterContexts" : [ "2_Snowflake", "If deployed in AWS" ],
      "name" : "1_API",
      "parameters" : [ {
        "description" : "The api endpoint we will be grabbing.",
        "name" : "api_1_url",
        "provided" : false,
        "sensitive" : false,
        "value" : "https://api.openweathermap.org/data/2.5/weather?q=london&APPID=87c27cd8bd580219598b8112659391a7"
      } ]
    },
    "2_Snowflake" : {
      "componentType" : "PARAMETER_CONTEXT",
      "description" : "Required Snowflake parameters.",
      "inheritedParameterContexts" : [ ],
      "name" : "2_Snowflake",
      "parameters" : [ {
        "description" : "If deployed on Snowflake - SNOWFLAKE_SESSION_TOKEN\n\nif deployed on AWS - KEY_PAIR",
        "name" : "snowflake_1_connection_strategy",
        "provided" : false,
        "sensitive" : false
      }, {
        "description" : "The snowflake role to use to perform any snowflake operations.",
        "name" : "snowflake_2_role",
        "provided" : false,
        "sensitive" : false
      }, {
        "description" : "Snowflake warehouse to use when uploading the file.",
        "name" : "snowflake_3_warehouse",
        "provided" : false,
        "sensitive" : false
      }, {
        "description" : "This is the database for where the file will be dropped into.",
        "name" : "snowflake_4_database",
        "provided" : false,
        "sensitive" : false
      }, {
        "description" : "This is the schema for where the file will be dropped into.",
        "name" : "snowflake_5_schema",
        "provided" : false,
        "sensitive" : false
      }, {
        "description" : "The table we want to put the API data into.",
        "name" : "snowflake_6_table",
        "provided" : false,
        "sensitive" : false
      } ]
    },
    "If deployed in AWS" : {
      "componentType" : "PARAMETER_CONTEXT",
      "description" : "Only used if hosted in AWS.",
      "inheritedParameterContexts" : [ ],
      "name" : "If deployed in AWS",
      "parameters" : [ {
        "description" : "This can be found by clicking on your profile in the bottom left corner, hovering over the account, and clicking account details.",
        "name" : "snowflake_7_account_identifier",
        "provided" : false,
        "sensitive" : false
      }, {
        "description" : "The user that will be used to login to.",
        "name" : "snowflake_8_username",
        "provided" : false,
        "sensitive" : false
      }, {
        "description" : "The private key to login into the user.",
        "name" : "snowflake_9_private_key",
        "provided" : false,
        "sensitive" : false
      } ]
    }
  },
  "parameterProviders" : { },
  "snapshotMetadata" : {
    "author" : "DANIELWILCZAK",
    "flowIdentifier" : "APItotable",
    "timestamp" : 1765054384413
  }
}