customer_id,first_name,last_name,email
1,William,Brown,hernandezdavid@example.org
2,Christopher,Frederick,zflores@example.com
3,Pamela,Roberts,davidsmith@example.com
4,Stephanie,Taylor,riosgerald@example.com
5,Patrick,Chambers,tricia49@example.org
6,Christopher,Haley,amandaallen@example.com
7,Michael,Evans,michael53@example.com
8,Lisa,Gardner,martinezgabriela@example.com
9,Nicole,Swanson,charlene74@example.org
10,Pamela,Hanson,thuffman@example.net
11,Abigail,Medina,corey33@example.net
12,Margaret,Le,walter30@example.com
13,Sara,Duran,alexis93@example.net
14,Chelsea,Bryant,jenningstroy@example.org
15,Gina,Myers,qdillon@example.net
16,Brittany,Moreno,dwalker@example.org
17,Julie,Perez,xtorres@example.org
18,Pamela,Haynes,zstewart@example.org
19,Robert,Jacobs,perezkimberly@example.com
20,Tracy,Gutierrez,duane91@example.net
21,Amber,Stein,joseph10@example.org
22,Amanda,Lopez,lboyer@example.org
23,Maria,Adams,lchen@example.net
24,Marc,Brown,hannah59@example.com
25,Eric,Wiley,richardsilva@example.com
26,Peter,Castillo,josephschmidt@example.com
27,Jessica,Wilson,maryburke@example.net
28,David,Williams,misty04@example.org
29,Mary,Cruz,andrew84@example.com
30,Denise,Barber,hmoore@example.com
31,Hannah,Fritz,sarahlee@example.org
32,William,Barr,susantran@example.com
33,Jodi,Love,xmyers@example.org
34,April,Nichols,james24@example.org
35,Deanna,Smith,xarnold@example.net
36,Jared,Wilson,woodwardamanda@example.org
37,Emily,Gutierrez,rayashley@example.com
38,Paige,Bennett,jenkinsalexandra@example.org
39,Cesar,Thompson,waremichelle@example.org
40,Jason,Dorsey,carlos72@example.org
41,Whitney,Taylor,valdeztrevor@example.org
42,Brandon,Butler,meyerjanice@example.org
43,Tyler,Young,gjones@example.org
44,Christopher,Davis,freemansteven@example.net
45,Sara,Watson,maria64@example.net
46,Vanessa,Wilson,alikimberly@example.com
47,Spencer,Murphy,brentrogers@example.com
48,Vincent,Shaw,zcohen@example.com
49,Jessica,Reynolds,vbutler@example.com
50,Jeff,Hernandez,clarencesmith@example.com
51,Gabriel,Vazquez,briana07@example.com
52,Michael,Reed,wandaallen@example.net
53,James,Price,maurice24@example.com
54,Susan,Nixon,warrenadam@example.com
55,Jessica,Smith,stewartwilliam@example.org
56,Lori,Lopez,justin99@example.org
57,Kevin,Lewis,david17@example.net
58,Timothy,Ortiz,gary62@example.org
59,Tonya,Bullock,alexander34@example.org
60,Tim,Fitzgerald,psandoval@example.net
61,Yvette,Graves,livingstonamy@example.com
62,Phillip,Lam,roberthaley@example.net
63,Jonathan,Arroyo,shawn15@example.net
64,William,Bradford,kingtina@example.com
65,Lisa,Taylor,carmen17@example.org
66,Brittney,Fox,sean90@example.com
67,Robert,Garcia,kmorris@example.org
68,Mary,Winters,seancastillo@example.org
69,Gavin,Mccormick,mooreshannon@example.com
70,Denise,Massey,lawrencerebecca@example.net
71,Terri,Hines,oday@example.com
72,Kenneth,Harvey,bushmelinda@example.org
73,Gary,Webb,gregg68@example.org
74,Rebecca,Flores,fordjoseph@example.net
75,Kristy,Brown,mariamorrison@example.com
76,Latasha,Marshall,marksjason@example.com
77,Cory,Reid,sandra97@example.com
78,Kim,Harris,jesse80@example.net
79,Erin,Mccormick,vbailey@example.org
80,Amy,Jones,nicholas63@example.net
81,Heather,Stephenson,justin31@example.org
82,Susan,Kelly,toddmcdonald@example.com
83,Laura,Murray,michellerivera@example.com
84,Renee,Cox,joneseileen@example.net
85,David,Smith,qmarshall@example.org
86,Justin,Rogers,markgray@example.com
87,Traci,Berg,pricesheila@example.org
88,Janice,Gonzalez,yalexander@example.com
89,Jacqueline,Moon,kristystrickland@example.net
90,Maria,Morse,gabrielleparrish@example.net
91,Sherry,Case,rileybradley@example.net
92,Tracy,Murphy,tina08@example.org
93,Crystal,Kelly,chelseypark@example.com
94,Crystal,Hall,gentrykevin@example.com
95,Jacob,Gardner,rerickson@example.com
96,Craig,Cantu,smithbrad@example.com
97,Karen,Green,johnsonkyle@example.com
98,Ronnie,Anderson,floresdavid@example.net
99,Kenneth,Rogers,robertchan@example.com
100,Daniel,Ramirez,joseph38@example.org
