customer_id,first_name,last_name,email
201,Crystal,Jordan,jbautista@example.net
202,Gregory,Riggs,deborahlawson@example.com
203,Brooke,Cruz,jesusrichard@example.net
204,Michael,Craig,melissavilla@example.net
205,Jennifer,Mendez,melindagilmore@example.org
206,Bethany,Farley,cervanteslaura@example.net
207,Francisco,Young,lboyd@example.net
208,John,Osborn,kmiller@example.org
209,Laurie,Avila,raymond66@example.com
210,Katherine,Grant,terrelljohn@example.com
211,Laura,Mcbride,lisaking@example.org
212,Evelyn,Johnson,josephbates@example.com
213,Jennifer,Perez,zacharyharmon@example.net
214,Lisa,Jackson,troygutierrez@example.net
215,Tonya,Lewis,gregory25@example.net
216,Christine,Richardson,kristy40@example.net
217,Peter,Ramirez,robertalvarez@example.net
218,Hannah,Duke,samuelgeorge@example.com
219,Daniel,Lester,saradavenport@example.org
220,Joseph,Bridges,pjohnson@example.com
221,Sarah,Lopez,varnold@example.com
222,Robert,Brown,diamondtorres@example.org
223,William,Brown,alexander44@example.net
224,Grace,Weber,katherinesmith@example.com
225,Caroline,Clark,erica08@example.net
226,Jennifer,Davis,mcneilsean@example.net
227,Margaret,Lawson,zbailey@example.net
228,Luke,Austin,shane73@example.net
229,Michelle,Collier,rodriguezalex@example.org
230,Robert,Price,douglaswilliams@example.org
231,Wendy,Brown,julie79@example.com
232,Karen,Higgins,sonia95@example.net
233,Amy,Nichols,carrie53@example.net
234,Johnny,Phillips,kristina46@example.net
235,William,Luna,yvaldez@example.org
236,Shane,Powell,jamesluna@example.net
237,Jessica,Rivera,whitekurt@example.com
238,William,Calhoun,ymendoza@example.org
239,Julie,Myers,zhangjamie@example.org
240,Wanda,Hernandez,rortega@example.org
241,Julia,Myers,anthonygordon@example.org
242,Larry,Lopez,william06@example.org
243,Lauren,Conner,earl93@example.org
244,Tara,Maxwell,qsimmons@example.net
245,Alfred,Jackson,billy31@example.net
246,Deborah,Jackson,gregorycraig@example.net
247,Paul,Hall,carrdillon@example.net
248,Jessica,Dunn,zwatson@example.com
249,Beverly,Ray,jonesnatasha@example.net
250,Christy,Murphy,patrick22@example.net
251,Timothy,Espinoza,tyler79@example.org
252,Angela,Harris,kevin29@example.net
253,John,Hayes,valvarez@example.org
254,Justin,Boyle,ruthowens@example.net
255,Timothy,Travis,kayla15@example.net
256,Pamela,Hughes,scottsandra@example.org
257,Jennifer,Martinez,nathanielriley@example.com
258,Samuel,Allen,michelle38@example.net
259,Mark,Guzman,ethanjackson@example.net
260,Kristina,Scott,mariah43@example.com
261,Caleb,Francis,rileyaaron@example.com
262,John,Collins,manuel12@example.net
263,Cynthia,Smith,pattersonjoshua@example.net
264,Jordan,Walker,stephentucker@example.com
265,Kendra,Matthews,scottmueller@example.org
266,Tammy,Hoffman,crodriguez@example.com
267,Steven,Lambert,richard67@example.net
268,Tammy,Williams,ruben65@example.com
269,Scott,Campbell,ysimmons@example.net
270,Vincent,Newton,klee@example.com
271,Diane,Adkins,michaelerickson@example.net
272,John,Welch,anthonythomas@example.com
273,Allison,Oliver,pschroeder@example.net
274,Shannon,Johnson,thomasjessica@example.org
275,Shannon,Rodriguez,megan00@example.org
276,Matthew,Farmer,fvega@example.org
277,Frank,Mendoza,ronaldshaw@example.org
278,Jason,Williams,grobinson@example.org
279,Jeremy,Carroll,sethmartin@example.com
280,Isaac,Perez,opeters@example.org
281,Anthony,Zuniga,sierradavis@example.org
282,Julie,Dillon,lmoore@example.net
283,Joseph,Brewer,gfrye@example.com
284,Katelyn,Reeves,george85@example.org
285,Linda,Lang,michellerobinson@example.org
286,Kevin,Vega,jlyons@example.org
287,Kimberly,Smith,misty59@example.net
288,Alan,Manning,kevin74@example.com
289,Elizabeth,Rose,michellereed@example.com
290,Catherine,Green,christianlyons@example.org
291,Thomas,Greene,brookekeller@example.net
292,Gwendolyn,Mayer,brownpatricia@example.net
293,Angela,Proctor,carloshale@example.net
294,Paula,Williams,nlane@example.com
295,Shannon,Anderson,yowens@example.org
296,Jose,Hernandez,amberbishop@example.com
297,Michelle,Russo,eileen44@example.net
298,Marcus,Thompson,joshua02@example.net
299,Teresa,Alvarez,ulawson@example.org
300,Alexander,Coleman,clinton18@example.com
