customer_id,first_name,last_name,email
101,Dawn,Molina,burnsjudith@example.net
102,Timothy,Brooks,kaylee04@example.net
103,Michelle,Whitney,suzanne90@example.com
104,Timothy,Willis,cookteresa@example.com
105,Reginald,Johnson,warddaniel@example.net
106,Jeremiah,Nixon,jcoleman@example.com
107,Brian,Harris,cwhitaker@example.com
108,George,Lee,stokescharles@example.net
109,Kristen,Price,christophernelson@example.net
110,Emma,Sanchez,shannon10@example.com
111,Katherine,Henry,njones@example.com
112,Andrew,Garza,schultzalexis@example.org
113,Christina,Sanders,rrose@example.org
114,Adam,Flowers,hortonshawn@example.com
115,Patrick,Hess,morganedward@example.net
116,Joseph,Martin,josephtyler@example.net
117,Raymond,Huffman,millerchristine@example.net
118,Kelly,Campbell,pattersonpamela@example.org
119,Maria,Robertson,robertgarcia@example.net
120,Nathan,Graham,james43@example.net
121,David,Bishop,simonheather@example.org
122,Amanda,Bass,austin05@example.net
123,Anne,Daniel,ronnievega@example.org
124,Phillip,Parrish,davidmathews@example.org
125,Wesley,Holmes,uallison@example.com
126,Maria,Meyers,sarah33@example.org
127,Kim,Duran,rachelmcgee@example.net
128,Alyssa,Lee,kbrady@example.com
129,Kim,Wheeler,hcarter@example.com
130,Troy,Maxwell,patriciahebert@example.org
131,Kelly,King,craig66@example.com
132,Robert,Davis,pamelasullivan@example.com
133,Craig,Aguilar,melaniewhite@example.net
134,Gregory,Brown,shannonmcgee@example.net
135,Carlos,Fitzgerald,zachary50@example.net
136,Michael,Rodriguez,laurensteele@example.org
137,Ruben,Ballard,lesliesmith@example.org
138,Michael,Pope,gbyrd@example.com
139,Dale,Brooks,cowantammie@example.org
140,Alison,Martinez,jacoballen@example.org
141,Taylor,Hardin,schmidtkathleen@example.org
142,Jessica,Riley,collinsshannon@example.com
143,Gary,Perry,wattschelsea@example.org
144,Crystal,Miller,greed@example.org
145,Jasmin,Williams,sherrilane@example.org
146,John,Morris,floresjoseph@example.org
147,Anna,Martin,gdavis@example.org
148,Douglas,Miller,carrcindy@example.org
149,Terry,Smith,danielswarren@example.net
150,Kathleen,Porter,jasminejenkins@example.com
151,Micheal,Cox,brownvickie@example.com
152,Lisa,Grimes,hernandezrichard@example.com
153,Samantha,Wilson,abigailjones@example.com
154,Karen,Perez,nramirez@example.net
155,Diane,Robinson,vmartin@example.com
156,Justin,Rodriguez,meyersjamie@example.net
157,Ashley,Flores,hsimpson@example.com
158,William,Kelly,austin52@example.com
159,Jesse,Johnson,russellstrong@example.com
160,Patrick,Mccarthy,rpowers@example.net
161,Kirsten,Lopez,robert67@example.net
162,Franklin,Gomez,rcamacho@example.net
163,Nicole,Morgan,xherring@example.com
164,Joseph,Williams,nguyenjames@example.net
165,Brandon,Johnson,scottcox@example.org
166,Jennifer,Paul,orice@example.net
167,Sheila,Webb,mcconnellvalerie@example.com
168,Tyler,Torres,kayla42@example.org
169,Joe,Nichols,andrewphillips@example.net
170,Nicole,Marsh,ryanmark@example.com
171,Susan,Thompson,michael12@example.com
172,Suzanne,Martinez,connermelissa@example.org
173,Lisa,White,leeaaron@example.org
174,Samantha,Meyer,zknight@example.net
175,Jennifer,Roman,melissa18@example.com
176,Ryan,Young,jordanthomas@example.com
177,Katie,Harper,patriciasims@example.net
178,Karen,Jimenez,faulkneralicia@example.org
179,Jeffery,Castillo,lisamontgomery@example.org
180,Nicole,Morales,fmoore@example.com
181,Alexis,Byrd,jmaxwell@example.net
182,Scott,Hodges,tonyirwin@example.net
183,Sean,Vasquez,smcdonald@example.com
184,Chad,Robinson,jimenezpatrick@example.net
185,Michael,Wilson,terrance85@example.org
186,Samuel,Hernandez,christopher91@example.net
187,Kathy,Powers,ruthsmith@example.org
188,Stephanie,Kim,xhuff@example.org
189,Jason,Norris,ronaldmunoz@example.com
190,Scott,Myers,portega@example.net
191,Megan,Bautista,anthony01@example.org
192,Matthew,Torres,nhill@example.com
193,Erin,Alexander,zbyrd@example.net
194,Nancy,Bailey,meganadams@example.com
195,Susan,Salazar,leerobert@example.com
196,Nathaniel,Duffy,tommy01@example.org
197,Jamie,Kirk,ashleygill@example.org
198,Heather,Chen,elizabethjackson@example.net
199,Steven,Guerrero,scottnicholas@example.org
200,Tiffany,Huff,bwebster@example.com
