customer_id,first_name,last_name,email
401,Todd,Garrison,mcgrathbrian@example.net
402,Christopher,Hoffman,lesliesmith@example.org
403,Lisa,Ali,robert55@example.net
404,Jennifer,Carson,ugonzales@example.net
405,Walter,Williams,heidi70@example.org
406,Katherine,Hall,zcollins@example.com
407,Madison,Vasquez,ralvarez@example.net
408,Mary,Foster,sherry76@example.net
409,Cheryl,Gonzalez,sandra61@example.com
410,Richard,Rodgers,cooperkrista@example.org
411,Eric,Smith,richarddavila@example.org
412,Jennifer,Smith,johnsonsusan@example.org
413,Cody,Chavez,jason10@example.org
414,Kimberly,Rodriguez,wlawrence@example.org
415,Jeffrey,Jackson,briansimmons@example.com
416,Amy,Martin,xschroeder@example.com
417,James,Pham,greenejonathan@example.org
418,Kyle,Norton,kshannon@example.com
419,Steven,Johnson,jonathanhall@example.net
420,Michael,Bridges,qgibson@example.com
421,Amanda,Mills,jason78@example.org
422,Carolyn,Jordan,ericksonrobert@example.org
423,Richard,Thornton,dhughes@example.org
424,Tracy,Griffin,barbarawood@example.net
425,Steven,Brown,lpeters@example.org
426,Mary,Green,clarklynn@example.com
427,Ashley,Valentine,smithrichard@example.com
428,Paul,Collins,carrie30@example.com
429,Gina,Fisher,colleen52@example.net
430,Megan,Rivera,hudsonmarco@example.com
431,Dennis,Wolfe,brandon41@example.org
432,Dominique,Johnson,josephcarney@example.com
433,Shannon,Watts,mariafields@example.com
434,Melissa,Bell,philipbailey@example.com
435,Keith,Green,zquinn@example.com
436,Tammy,Murphy,bradley04@example.org
437,Jill,Savage,laurensmith@example.net
438,Emma,Johnston,pamela42@example.org
439,Jeremy,Serrano,hendersonalicia@example.net
440,Sharon,Warren,reyesnathaniel@example.com
441,Steven,Lang,iriddle@example.net
442,Christopher,Li,angela45@example.net
443,Jennifer,Oneill,michael83@example.org
444,Robert,Brown,briantorres@example.org
445,Erika,Simpson,rebeccalopez@example.com
446,Margaret,Woodard,lford@example.net
447,Beth,Myers,williamfisher@example.com
448,Billy,Figueroa,meganhiggins@example.com
449,Stacey,Peters,jessicavargas@example.net
450,Caroline,Rodriguez,autumnstokes@example.net
451,Stephanie,Ruiz,ashley94@example.com
452,Darryl,Rangel,john20@example.com
453,Sydney,Vasquez,tylerglover@example.org
454,Michael,Grimes,hallbradley@example.net
455,Isaac,Cole,woodlisa@example.net
456,Tracy,Sosa,ypalmer@example.com
457,Joanna,Montgomery,vjohnson@example.com
458,Christina,Davis,patriciaschmitt@example.com
459,Danielle,Jones,matthew23@example.org
460,Carl,Bass,chaneybrandon@example.net
461,Robin,Marquez,marykoch@example.com
462,Randall,Johnson,sbailey@example.com
463,Alyssa,Christensen,qchavez@example.org
464,Allison,Smith,falvarez@example.com
465,Kevin,Dyer,emilyphelps@example.com
466,Jessica,Sanchez,morgan44@example.com
467,Savannah,Burton,awarner@example.net
468,Lisa,Farmer,elliskaylee@example.org
469,Aimee,Gibson,michaelrodriguez@example.net
470,Derek,Ferguson,dalexander@example.com
471,Brandon,Lopez,hernandezlaura@example.com
472,William,Smith,stephanie50@example.net
473,Steven,Faulkner,ghatfield@example.net
474,Caitlin,Blake,ustrong@example.net
475,Henry,Hernandez,lambertherbert@example.com
476,Sarah,Ellison,howard57@example.org
477,Shane,Harris,heatherroberson@example.org
478,Paula,Alvarez,caseydavis@example.org
479,Tiffany,Smith,garciamegan@example.com
480,Joshua,Cline,kimwright@example.org
481,Benjamin,Franklin,taylor12@example.net
482,Karen,Davis,michael84@example.net
483,Natalie,Martinez,jessica10@example.net
484,Erik,Smith,antonio94@example.com
485,Beth,Shepard,jose61@example.org
486,Jessica,Garcia,ilucas@example.net
487,Chris,Wong,lawrencejoseph@example.com
488,Maria,Williams,timothy54@example.com
489,Amy,Davies,antonioherring@example.com
490,Steven,Young,james78@example.com
491,Joseph,Peterson,melissacarson@example.net
492,Daniel,Davis,daisy77@example.org
493,Alejandra,Garrett,johnsonchase@example.org
494,Sarah,Walker,greenchristina@example.org
495,Tyler,Briggs,andrearichards@example.org
496,Samantha,Vincent,williamssteven@example.com
497,Rebecca,May,sharon04@example.org
498,Jessica,Franklin,heatherandrade@example.org
499,Brandon,Petersen,slittle@example.com
500,Elizabeth,Rocha,moorekim@example.org
