customer_id,first_name,last_name,email
301,Dakota,Odonnell,ejackson@example.com
302,Brian,Lewis,jacksondaniel@example.com
303,Lisa,Ford,patricia17@example.com
304,Jordan,Ward,uharris@example.org
305,Samuel,Johnson,thomas81@example.org
306,Dan,Williams,smithjessica@example.net
307,Kayla,Johnson,richard70@example.org
308,Natalie,Thompson,fernandezalexis@example.org
309,Christine,White,williamsgregory@example.net
310,Brandy,Stewart,zoe45@example.com
311,Scott,Rivera,john11@example.org
312,Terri,Reese,benjaminshelton@example.org
313,Katherine,Bright,natashawalker@example.org
314,Heather,Brown,robertsjohn@example.org
315,William,Atkins,andreahickman@example.com
316,Angela,Price,jamesweaver@example.org
317,Trevor,Cannon,ashleyperez@example.net
318,Anthony,Ellis,owensjanet@example.net
319,Katherine,Fletcher,zwright@example.com
320,Patricia,Huynh,patrick92@example.com
321,Brian,Jackson,jesus81@example.com
322,Doris,Rodriguez,yboyd@example.org
323,Curtis,Wells,angela88@example.org
324,Diana,Wolfe,gregory14@example.com
325,Jon,Johnson,timothy16@example.org
326,Michael,Mcclain,samuellittle@example.com
327,Jared,Watkins,janice69@example.org
328,Sandra,Collins,frankwilliams@example.com
329,Gregory,Gaines,rachelscott@example.org
330,Jessica,Rivera,holtjoseph@example.com
331,Stephanie,Orr,wdavidson@example.net
332,William,Walton,fowlerjamie@example.net
333,Donna,Smith,linda95@example.net
334,Jeffrey,Rollins,meyerjessica@example.com
335,Kelly,Brown,williambennett@example.com
336,Jesus,Edwards,djohnson@example.com
337,James,Williams,macdonaldtommy@example.org
338,Jennifer,Rowland,brent45@example.net
339,Bradley,Marsh,turnerdeanna@example.org
340,Molly,Ortiz,audrey53@example.org
341,Kristi,Ayala,bakerlauren@example.org
342,Matthew,Pierce,garciahunter@example.org
343,Nicole,Richmond,phyllis90@example.com
344,Nicole,Murphy,charlesparker@example.net
345,Catherine,Goodwin,bgood@example.org
346,Deborah,Owens,ryan61@example.org
347,Kyle,Kemp,wisesonya@example.net
348,Susan,Collier,nicholasgonzales@example.org
349,Joanna,Barber,masongraham@example.com
350,Jennifer,Adams,nicholsdaniel@example.org
351,Jeffrey,Herring,fjones@example.com
352,Robert,Kemp,hollyparker@example.com
353,Russell,Meyer,markwilson@example.com
354,Edward,Michael,thompsonamber@example.org
355,Aaron,Herring,dawn42@example.com
356,Gabrielle,Brock,sherriyoung@example.com
357,Cody,Hughes,estradabrandon@example.org
358,Kathryn,Rodriguez,dnewman@example.net
359,Carrie,Soto,clarkedaniel@example.net
360,Andrew,Mcguire,chapmannicole@example.org
361,Edward,Johnson,mariah33@example.net
362,Sandra,Aguirre,folsen@example.com
363,Debbie,Garcia,virginia34@example.net
364,Stephen,Smith,frederickbetty@example.org
365,Joshua,Brown,nathangreen@example.net
366,Andrew,Garner,connieross@example.net
367,John,Washington,meganmartin@example.org
368,Troy,Moore,wonglindsey@example.net
369,Courtney,Wade,morrisonbrianna@example.net
370,Carolyn,Schwartz,lisaruiz@example.com
371,Brian,Bradshaw,gregory09@example.net
372,Kyle,Hamilton,john07@example.net
373,Bryce,Berry,tammy36@example.com
374,Patricia,Walker,uestes@example.org
375,Megan,Ashley,sethsmith@example.org
376,Karen,Rangel,dawnholmes@example.net
377,David,Morrison,kevinalvarado@example.com
378,Bradley,Wade,justincampbell@example.com
379,Louis,Sexton,gyoung@example.net
380,Raymond,Bradford,april95@example.org
381,Jennifer,Garcia,amygilmore@example.com
382,Eric,Anderson,williambarker@example.org
383,Lindsey,Kline,gmercer@example.com
384,Becky,Castillo,beth22@example.com
385,David,Torres,andrew14@example.com
386,Justin,Wright,jesse54@example.com
387,Nicole,Cole,anthony03@example.net
388,Jeffrey,Knight,nelsonwilliam@example.com
389,Yolanda,Jacobs,jennifer68@example.net
390,Sarah,Chang,tfoster@example.net
391,Tamara,Jordan,mark61@example.com
392,Mark,Hall,joseph83@example.net
393,Willie,Martin,jeffrey53@example.org
394,Isabel,Mason,sarahhenry@example.net
395,Judith,Pierce,elliottjoel@example.com
396,Jose,Gardner,palexander@example.com
397,Shawn,Shannon,xschwartz@example.com
398,Michelle,Reyes,carolhale@example.com
399,Brian,Bartlett,bakerjennifer@example.org
400,David,Jordan,hmaldonado@example.com
