customer_id,first_name,last_name,email,created_at
1,Jesse,Gregory,brownjulian@example.com,2024-09-01T01:19:39.515286
2,Tara,Burke,taylor47@example.net,2024-07-10T09:45:39.356608
3,Monica,Thomas,grobinson@example.org,2024-06-19T04:19:58.231181
4,Chad,Summers,jenningssusan@example.com,2025-03-21T19:32:58.127609
5,Nicholas,Yates,charleswoods@example.com,2025-01-24T01:03:11.273773
6,Joseph,Mack,jeffreyharrell@example.com,2025-02-19T20:10:47.586520
7,Cheryl,Peterson,danielle64@example.com,2024-09-18T21:37:34.859845
8,James,Brewer,smurray@example.org,2024-09-17T11:35:49.512457
9,Shannon,Rios,amurphy@example.org,2024-09-12T23:17:54.392752
10,Judy,Rosario,abeck@example.com,2024-09-22T21:17:35.019784
11,Kiara,Hughes,bryanjackson@example.com,2025-03-29T13:15:41.797035
12,Cory,Davis,davidanderson@example.net,2024-12-02T23:55:32.320348
13,Danielle,Barajas,stevenhenderson@example.org,2024-08-29T18:55:55.865281
14,Amanda,Rivas,reeddillon@example.org,2024-05-10T23:07:05.350400
15,Natasha,Elliott,anthony50@example.net,2024-10-30T17:22:34.488199
16,Dawn,Zimmerman,jacksonrebecca@example.com,2024-05-22T09:04:04.450492
17,Frank,Taylor,sarafernandez@example.com,2024-06-16T23:37:48.111429
18,Kristy,Miller,jacobsandrea@example.org,2025-01-31T14:36:09.820987
19,Mariah,Knapp,pamela42@example.com,2024-12-13T05:58:09.138242
20,David,Nguyen,xlester@example.org,2024-12-31T04:10:47.891206
21,Traci,Simpson,james52@example.net,2024-06-23T14:11:41.635529
22,Tracy,Knight,kimberly65@example.net,2025-04-19T06:52:50.895422
23,Lee,Chan,petersrick@example.org,2024-12-30T13:42:37.232141
24,Anthony,Parker,ljohnson@example.net,2024-09-13T07:37:55.695552
25,Christina,Fields,philipneal@example.net,2025-01-13T06:32:16.167468
26,Lynn,Lee,ellissarah@example.org,2024-10-19T15:42:31.253377
27,Brian,Krause,blaircharles@example.net,2024-06-15T03:37:25.555617
28,Debbie,Ryan,tammyriddle@example.com,2024-07-22T11:15:40.327970
29,Megan,Pittman,brookegould@example.org,2024-09-17T06:46:43.978642
30,Matthew,Steele,taylorjonathan@example.org,2025-01-10T21:03:52.716278
31,James,Howe,fgeorge@example.com,2024-08-14T20:53:06.117020
32,Christopher,Neal,kcampbell@example.com,2024-11-16T17:40:35.619393
33,Cody,Torres,regina33@example.net,2024-09-15T19:49:04.744134
34,Vincent,Wells,nancywhite@example.com,2024-07-31T01:03:19.928409
35,Tiffany,Rogers,jodi79@example.net,2024-05-08T13:01:52.864488
36,Jennifer,Wright,travismay@example.net,2025-03-01T17:55:47.935929
37,Brian,Weaver,jonesanthony@example.net,2024-08-11T17:23:54.626203
38,Latoya,Andrews,uwiley@example.org,2024-05-16T02:34:17.320813
39,Cody,Gomez,floresdaniel@example.net,2025-01-30T00:32:37.320201
40,Joseph,Miller,jennifer10@example.org,2024-10-20T01:39:29.180947
41,Holly,Scott,howardsteve@example.net,2024-08-13T04:40:29.977639
42,Donald,Moore,olivia14@example.org,2025-04-16T17:07:13.560217
43,Christine,Maxwell,devon63@example.com,2025-04-01T02:50:40.471759
44,Elizabeth,Franklin,jameswilliams@example.com,2025-03-27T02:14:19.193960
45,Hayley,Parker,nperez@example.com,2025-04-06T01:16:05.159765
46,Veronica,Freeman,riverakaren@example.net,2025-01-24T08:30:25.878835
47,Molly,James,thomas18@example.net,2024-12-22T17:36:53.522663
48,Benjamin,Patel,michael73@example.org,2025-04-05T03:05:38.198368
49,William,Bradley,deniselopez@example.org,2024-04-30T07:32:22.460712
50,Travis,Thomas,virginia26@example.net,2024-09-22T02:03:04.618013
51,Leslie,Smith,gutierrezjennifer@example.org,2025-03-03T17:08:42.081460
52,Brittany,Sullivan,phubbard@example.org,2025-04-19T19:29:49.747187
53,Tracy,Stewart,carl00@example.org,2024-12-14T18:51:32.735449
54,Paul,Patterson,robertlarsen@example.net,2025-01-25T09:01:25.735575
55,Ashley,Bates,zgreen@example.org,2024-12-06T14:20:03.189845
56,Crystal,Knight,madeline87@example.net,2024-12-09T14:30:27.124952
57,Jennifer,White,skinnerjohn@example.org,2025-04-11T16:41:00.519934
58,Alexis,Adams,smithdavid@example.net,2025-01-27T16:36:47.215340
59,Donna,Williams,greenechristine@example.net,2025-04-17T10:27:38.286501
60,Katherine,Mosley,vtapia@example.com,2024-12-11T20:10:06.014435
61,Michael,Green,stevenlewis@example.org,2025-02-08T16:14:04.222820
62,Jasmin,Beck,stacy29@example.com,2024-08-12T17:30:16.203679
63,Richard,Benson,kathleen48@example.net,2024-08-18T01:52:18.563200
64,Stacy,Meyers,trevorrobbins@example.org,2024-05-12T22:35:38.409225
65,Kimberly,Sherman,jessica55@example.com,2025-04-04T10:04:49.906377
66,John,Martin,schmidtjill@example.org,2025-04-14T19:14:06.247402
67,Brian,Salinas,williamsdominique@example.com,2025-02-25T15:56:57.406820
68,Caitlin,Wilson,jtrevino@example.org,2024-11-23T18:56:21.886840
69,Scott,Watkins,williamreynolds@example.net,2024-10-04T11:34:15.853378
70,Roger,Miller,davischristy@example.com,2024-10-19T06:07:02.267902
71,Anne,Haynes,knightzachary@example.com,2025-04-03T00:41:45.214627
72,Danielle,Mcfarland,stacey30@example.com,2024-05-05T10:43:16.460748
73,Cassandra,Schroeder,gibsonbryan@example.com,2024-11-12T20:49:13.112873
74,Danielle,Bowman,kevin56@example.org,2024-07-05T12:30:39.615394
75,Jessica,Hawkins,david65@example.org,2024-12-14T20:16:37.890013
76,Ashley,Cherry,bonddennis@example.org,2024-07-25T19:48:30.713367
77,David,Tran,cranenicholas@example.com,2024-05-04T07:28:19.408171
78,John,Hendrix,mendozaalan@example.com,2024-11-15T08:14:29.400687
79,Brian,Hughes,chavezlaura@example.org,2024-08-08T09:15:51.450682
80,Alexandra,Moore,martindan@example.org,2025-03-13T14:52:04.206096
81,Yolanda,Lopez,krice@example.com,2024-11-12T08:49:33.091973
82,Joshua,Jones,qwise@example.net,2024-06-04T10:34:41.864362
83,Shane,Smith,diazeric@example.net,2025-03-19T21:26:38.283156
84,Michael,Young,jtate@example.org,2024-12-07T09:00:30.291970
85,Rachel,Williams,williamsryan@example.com,2024-05-14T15:44:45.641373
86,Evelyn,Miller,lewisnicole@example.com,2024-12-25T22:49:03.542272
87,Christopher,Santos,brentburch@example.com,2024-05-07T17:07:25.521501
88,Shelley,Serrano,vincentsmith@example.org,2024-10-22T17:22:05.455810
89,Samuel,Stout,figueroachristopher@example.org,2024-08-19T13:58:09.671294
90,Brian,Ballard,zachary19@example.org,2025-04-15T18:27:12.575454
91,William,Robinson,kennethsmith@example.com,2025-02-21T14:25:46.939178
92,Christopher,Hughes,susan89@example.org,2024-07-02T08:49:20.873455
93,Rhonda,Salazar,charleshawkins@example.org,2024-10-21T20:35:27.491950
94,Lorraine,Garcia,jessica34@example.net,2025-01-07T15:36:00.718960
95,Jose,Leonard,frances82@example.org,2024-09-25T04:47:47.770795
96,James,Everett,suzanne40@example.net,2025-03-13T16:35:08.519176
97,Yvonne,Bowers,pharvey@example.org,2025-02-14T18:10:07.863107
98,Patty,Holmes,eugene04@example.net,2025-03-22T15:30:55.297913
99,Jack,Tate,lewisholly@example.com,2024-08-31T03:18:50.224530
100,David,Frazier,michael86@example.com,2024-07-09T17:45:13.568630
