customer_id,first_name,last_name,email,created_at
1,Cody,Werner,daniel23@example.org,2024-12-11T07:35:10.466432
2,Donald,Johnson,steven08@example.com,2024-11-17T16:41:00.597305
3,Kathleen,Thompson,reeseanthony@example.net,2024-09-05T06:52:13.245120
4,Nancy,Wagner,kford@example.com,2024-12-22T08:44:46.785997
5,Brianna,Jacobs,tanner30@example.org,2024-06-22T09:45:30.341198
6,Justin,Hunter,knappsherry@example.com,2024-05-19T18:57:21.874601
7,Brian,George,vpierce@example.org,2024-11-01T07:03:25.710693
8,Teresa,Smith,trodriguez@example.net,2024-08-22T09:55:52.096513
9,Cindy,Hoffman,reynoldsamber@example.org,2025-01-07T15:04:03.576590
10,Elizabeth,Fitzgerald,ryan33@example.net,2025-03-17T03:08:35.612498
11,Melissa,Anderson,parksjoseph@example.net,2024-11-09T18:01:36.489241
12,Lisa,Ross,aaron38@example.com,2025-01-24T03:06:20.917631
13,James,Lang,snowdenise@example.net,2025-03-10T00:04:43.888254
14,Kenneth,Bauer,christinehill@example.com,2024-11-11T15:09:25.991338
15,Rachel,Cooper,jamesphillips@example.org,2024-11-04T02:10:17.461269
16,Tara,Lee,colonmichelle@example.org,2024-11-28T07:35:37.055997
17,Ashley,Graham,ashley06@example.net,2024-09-23T06:26:07.281619
18,Amanda,Roberson,cmorales@example.net,2025-03-10T14:52:32.847878
19,Jamie,Hoover,crystal33@example.org,2024-11-28T03:51:20.851956
20,Sheila,Reeves,staylor@example.net,2024-10-07T17:49:42.069535
21,Keith,Watson,milesjason@example.net,2024-12-16T03:00:56.751952
22,Donna,Lee,hillwilliam@example.org,2025-03-14T07:25:57.084070
23,Melody,Stephenson,karencohen@example.com,2024-10-17T23:43:42.606228
24,Emma,Gonzalez,lrobinson@example.com,2025-04-03T15:29:24.907265
25,Tina,Long,sgaines@example.org,2024-06-20T01:59:05.867578
26,Kyle,Miller,lisa81@example.net,2025-01-28T15:02:03.319908
27,Patrick,Reyes,vanessa57@example.org,2024-05-02T12:11:59.481524
28,Elizabeth,Jackson,alexandramelendez@example.org,2025-03-13T20:39:13.894885
29,Norman,Roberts,hoganjeanette@example.net,2025-03-10T15:55:09.875480
30,Peter,Barnett,maybrent@example.org,2024-10-26T14:58:05.694384
31,Brenda,Hoffman,daltonsimon@example.org,2025-01-07T05:24:53.707328
32,Deborah,Reilly,danielle95@example.com,2024-08-09T21:43:09.102875
33,David,Woods,rodriguezaaron@example.net,2025-01-06T19:38:46.931289
34,Ashley,Randall,gregorybryant@example.com,2025-01-07T04:57:59.625596
35,Amanda,Jensen,clairesloan@example.org,2024-07-22T21:15:48.934962
36,Jake,Smith,gjohnson@example.net,2024-09-01T06:28:03.356488
37,Christina,Huerta,amber38@example.org,2025-03-30T07:01:50.696534
38,Rachel,Johnson,xaviersantiago@example.com,2024-11-12T22:43:32.231693
39,Eric,Sullivan,hrogers@example.org,2024-04-28T16:40:51.130790
40,Susan,Ford,murraycarly@example.org,2024-08-29T12:21:27.540872
41,Dale,Clark,aaronedwards@example.org,2024-12-20T18:59:58.048446
42,Jonathan,Owens,smithjessica@example.com,2024-10-24T13:40:53.155460
43,Jody,Bryant,michael73@example.com,2025-03-11T05:28:43.755368
44,Tammy,Oneill,urobinson@example.net,2025-04-01T06:16:53.666026
45,Joshua,Byrd,hdavis@example.com,2024-08-02T07:23:26.773967
46,James,Robinson,jennagomez@example.com,2024-11-09T23:50:43.149594
47,Karen,Vaughn,williamsrebecca@example.org,2025-01-31T09:42:41.316849
48,Tina,Nixon,blackgary@example.com,2024-11-30T19:47:12.443684
49,Cory,Lin,samantha16@example.net,2025-03-17T18:04:06.362365
50,John,Klein,ewilliams@example.net,2024-12-25T16:47:51.317633
51,Curtis,Pollard,angela13@example.net,2024-12-26T18:30:04.707923
52,Teresa,Bray,christopherrivera@example.com,2024-07-30T16:04:58.167605
53,Alexandra,Clark,klopez@example.net,2024-09-28T02:11:56.045116
54,Christopher,Hansen,lschmidt@example.net,2024-10-24T03:33:11.230615
55,Carlos,Pena,harrylopez@example.org,2024-05-03T18:45:19.140165
56,Shawn,Johnson,lori71@example.org,2024-11-29T11:12:18.879907
57,Drew,Brown,charles49@example.net,2024-04-30T05:02:41.681040
58,Ryan,Romero,xfox@example.org,2025-03-30T22:46:54.763712
59,Cynthia,Hill,josephpeters@example.net,2024-05-27T12:34:51.933116
60,Wendy,Frazier,christophermitchell@example.net,2025-04-09T03:34:32.190023
61,Gabriel,Hunter,ericksontheresa@example.org,2024-10-06T17:00:18.856951
62,Albert,Crawford,sydney69@example.org,2024-09-12T22:19:52.863611
63,Anthony,Robinson,johnsonlisa@example.org,2024-12-01T10:59:49.707848
64,David,Jones,yarmstrong@example.com,2025-01-23T23:42:53.841830
65,Troy,Bradley,ricardohamilton@example.com,2025-02-01T10:48:46.198267
66,Andrew,Martinez,christopher96@example.com,2024-11-06T13:22:02.419246
67,Carol,Clements,lori32@example.net,2024-09-10T07:24:22.519700
68,Katherine,Owens,wagnerwilliam@example.com,2024-07-29T22:28:29.983389
69,Allison,Davis,michelleespinoza@example.com,2024-12-23T04:15:28.203541
70,Michael,Murray,acevedorichard@example.org,2024-09-15T01:11:00.579402
71,Kevin,Mullins,hannahbowman@example.net,2025-02-13T15:30:43.416560
72,Kevin,David,jmiller@example.net,2025-02-23T11:34:04.027819
73,Natalie,Camacho,andrew79@example.com,2024-07-01T11:08:03.490045
74,Shane,Cox,brandontaylor@example.com,2024-10-29T00:00:09.728851
75,Robert,Hardy,hbradley@example.com,2024-08-23T07:55:06.884552
76,Michelle,Lopez,wilkinsondiana@example.net,2024-10-23T03:29:49.513842
77,Danielle,Young,michael70@example.com,2024-12-09T21:57:40.565783
78,Daniel,Reyes,riversjessica@example.com,2025-04-21T05:36:30.269748
79,Keith,Davis,katiecoleman@example.net,2025-01-11T07:17:01.168806
80,Daniel,Kelly,zburgess@example.org,2025-02-23T09:22:00.075572
81,Paul,Jones,wendy98@example.net,2025-02-06T09:28:49.257726
82,Kristin,Small,lorierickson@example.org,2024-06-10T07:30:55.892757
83,Kathy,Ford,ublair@example.com,2024-09-21T02:14:19.983513
84,Gary,West,johnsonandres@example.com,2024-05-14T23:01:08.975482
85,Randy,Ayala,kruegerlisa@example.org,2024-07-27T20:24:14.816244
86,Richard,Ali,johnstontina@example.org,2024-12-15T00:41:04.369502
87,Robert,Parker,juliewilliams@example.org,2024-07-01T07:05:34.118133
88,Teresa,Simpson,michael19@example.net,2024-05-05T11:01:32.909854
89,Sarah,Coleman,hturner@example.com,2024-06-22T20:44:51.734966
90,Steve,Romero,yherrera@example.com,2024-11-07T03:08:31.888373
91,Steven,Wood,martinveronica@example.org,2025-04-04T14:48:53.639306
92,Tammy,Bauer,kylie64@example.org,2024-09-07T23:51:15.667960
93,Joann,Sullivan,deborahkelly@example.net,2025-03-14T18:47:22.512707
94,Amanda,Anderson,leonardjohn@example.com,2025-03-21T15:26:46.669693
95,Kyle,Keller,myersamanda@example.org,2024-12-22T07:07:23.174480
96,Morgan,Tran,aaron81@example.org,2025-03-30T12:05:24.915440
97,Christopher,Phillips,pamela14@example.org,2024-04-24T20:18:15.297957
98,Shannon,Miller,garykaufman@example.org,2024-12-24T14:37:20.277447
99,Wyatt,Barrett,esanders@example.com,2025-01-20T10:03:17.032369
100,Roy,James,saunderscynthia@example.org,2025-02-17T15:40:55.177116
