customer_id,first_name,last_name,email,created_at
1,Heather,Flynn,lisa71@example.org,2025-02-04T06:44:21.800803
2,Crystal,Schmitt,cabreratheresa@example.com,2025-03-15T08:19:51.544983
3,Crystal,Ayala,whiteallen@example.org,2024-04-29T23:21:09.981144
4,Teresa,Fox,reginald64@example.org,2024-09-27T17:08:40.026621
5,Judy,Ruiz,brittanycardenas@example.net,2024-10-16T11:10:22.582683
6,David,Thomas,amber42@example.org,2024-08-25T11:19:08.159410
7,Nathan,Ferguson,robertsjonathan@example.com,2024-10-05T12:49:29.557667
8,Zachary,Garcia,travislee@example.com,2024-09-02T17:29:00.161901
9,Eric,Villegas,jamiejuarez@example.com,2024-09-20T22:43:15.165884
10,William,Faulkner,christopher15@example.net,2024-07-21T14:36:20.693091
11,Deborah,Jackson,freemandavid@example.com,2024-05-13T18:25:46.738316
12,Anthony,Curtis,stewartalexandria@example.com,2024-10-12T09:50:16.000845
13,Tyler,Allen,natashapierce@example.org,2024-05-05T14:47:23.005776
14,Brendan,Bell,maureenharris@example.net,2025-03-04T23:35:55.214308
15,Haley,Harris,gregory95@example.org,2024-09-13T08:52:56.212079
16,Christina,Parker,alexandra00@example.com,2025-04-08T20:29:15.985537
17,Eddie,Zamora,brittanyclark@example.com,2024-09-10T03:11:52.023518
18,Jennifer,Hall,kevinhall@example.net,2025-01-15T13:13:32.336905
19,Angela,Jones,ericaknight@example.org,2024-05-25T13:20:09.671201
20,Paul,Harris,cynthiaware@example.org,2024-05-30T09:32:01.595409
21,Andrea,Ruiz,ialexander@example.com,2025-04-14T00:56:13.603537
22,Randall,Castillo,shawnchan@example.net,2025-01-20T14:24:34.992595
23,Charles,Garcia,murphyandrew@example.org,2024-06-22T03:38:03.315742
24,Cheyenne,Humphrey,qjohnson@example.com,2024-11-26T01:52:56.946687
25,Cody,Richardson,tiffany70@example.net,2024-06-30T19:03:44.012502
26,Johnny,Brown,melissarich@example.net,2025-01-24T19:52:55.218458
27,Shawn,Johnson,patricia68@example.net,2024-05-14T23:29:45.929878
28,Mark,Holmes,kmorrison@example.net,2024-12-08T09:06:21.329259
29,Audrey,Santiago,paynemichael@example.org,2024-05-28T10:45:45.021663
30,Nicole,Cortez,christopher62@example.com,2025-04-04T22:20:43.651777
31,Joseph,Thomas,jacksonbrandon@example.org,2024-08-27T05:34:27.228540
32,Mikayla,Hurst,xwilliams@example.net,2025-04-07T12:50:19.675314
33,Melinda,Ramos,katherine25@example.com,2024-09-02T16:12:05.607471
34,Sheri,Craig,taylorcollins@example.net,2024-07-05T20:08:10.243324
35,Robert,Thompson,tracy51@example.com,2024-08-25T20:45:43.901210
36,Adam,Esparza,bmoreno@example.org,2024-09-02T23:23:14.385359
37,Ryan,Patterson,ruben77@example.org,2025-01-26T18:26:39.684338
38,Kyle,Carroll,janice24@example.net,2024-09-07T19:42:22.385506
39,Ryan,Griffith,michaela16@example.com,2024-05-03T23:32:30.524069
40,Veronica,Olson,angela04@example.com,2025-01-28T17:51:31.773309
41,Janet,Reyes,hunter44@example.net,2024-08-30T05:11:10.516998
42,Carolyn,Nichols,csmith@example.org,2024-07-21T22:49:31.889179
43,Joseph,Mason,andrewsemily@example.com,2024-07-05T10:41:16.406134
44,Joshua,Tran,jamie07@example.net,2024-11-08T23:04:52.805131
45,Peter,Hernandez,chelsea62@example.com,2024-09-09T05:30:46.376089
46,Nicole,Benitez,dweber@example.com,2025-03-13T06:27:55.354778
47,William,Peterson,george39@example.com,2024-11-30T03:53:24.241425
48,Gary,Daniels,hernandezgregory@example.com,2024-05-31T07:24:13.720733
49,Sabrina,Jacobs,kholmes@example.com,2024-05-25T18:33:47.304399
50,Lindsey,Thomas,micheal53@example.org,2025-02-01T01:38:45.238106
51,Theodore,Blake,jamespark@example.com,2024-10-20T04:15:26.282931
52,Jessica,Rice,brian56@example.net,2024-04-23T16:00:16.772790
53,Colleen,Best,knightfelicia@example.net,2024-10-05T11:36:16.561695
54,Catherine,Wade,christophermiller@example.org,2024-08-23T17:20:46.993554
55,Amanda,Griffith,emilyfuller@example.org,2024-07-05T14:13:35.682949
56,Mike,Parker,lesterheather@example.net,2024-08-07T01:30:00.409123
57,Christopher,Miller,garrettlarson@example.com,2024-10-25T05:08:42.988312
58,George,Thomas,jonesluke@example.net,2024-06-10T01:46:53.794082
59,Larry,Berry,jamesdavis@example.org,2024-08-18T12:23:19.324608
60,Christine,Gibson,ramirezrobert@example.com,2024-09-16T09:05:51.952878
61,Madison,Guzman,michaelgarcia@example.org,2024-07-18T11:09:36.789854
62,Kimberly,Ellis,amanda00@example.net,2024-11-02T10:12:08.142270
63,Joanna,Johnson,zjackson@example.org,2024-08-06T09:20:33.212937
64,Mackenzie,Jackson,thomassarah@example.org,2025-01-12T02:10:35.232193
65,Steven,Brown,hendersonmonica@example.com,2024-12-20T21:18:57.880957
66,Sandra,Powers,perryalicia@example.com,2025-01-12T00:21:31.033281
67,Carl,Chavez,fbrowning@example.com,2025-02-17T15:05:05.982164
68,Alexis,Acosta,nelsonandrew@example.com,2024-05-07T11:04:36.809304
69,Amy,Garcia,ericagrimes@example.org,2024-10-26T06:01:20.588650
70,Edward,Rodriguez,fullerandrew@example.net,2025-02-01T22:37:25.926895
71,Tammy,Walker,inelson@example.net,2024-07-23T12:22:39.576413
72,Colton,Orr,monicathomas@example.net,2024-05-31T13:03:26.697133
73,Ann,Thompson,fpayne@example.com,2024-12-31T03:54:08.611313
74,Paul,Jenkins,amber73@example.org,2024-09-30T08:38:09.090952
75,James,Abbott,conleyheather@example.org,2024-06-07T15:42:34.337164
76,Ethan,Hardy,castanedabarbara@example.com,2024-09-13T18:46:11.100644
77,Catherine,Griffin,carrollmeredith@example.net,2024-08-05T23:13:37.927889
78,Ashley,Gomez,coxjonathan@example.org,2024-07-11T15:58:36.830410
79,Paul,Cain,angelicadixon@example.com,2025-03-23T10:00:17.819259
80,Leah,Rodriguez,ashley39@example.net,2025-04-02T21:36:06.539185
81,Kevin,Davis,dennisjennifer@example.com,2024-12-22T10:29:22.542687
82,Brian,Johnson,goodwinronald@example.net,2025-03-08T01:27:13.665034
83,Derrick,Holden,henrydarren@example.org,2024-05-21T20:50:47.959420
84,David,Evans,tammiestevens@example.net,2024-09-09T00:48:40.687342
85,Jamie,Schroeder,kwatson@example.com,2024-04-30T06:02:34.204648
86,Linda,Johnson,dillonadrienne@example.net,2025-03-16T12:15:22.089538
87,Justin,Wright,monica61@example.org,2024-09-10T12:29:46.992733
88,Edward,Ellis,mariewalker@example.org,2024-11-25T17:29:31.786029
89,Angela,Jones,fhunter@example.net,2024-07-15T14:24:14.837750
90,Timothy,Zamora,emily97@example.net,2025-02-05T10:39:48.400437
91,Emma,Logan,ewoods@example.org,2025-02-16T17:16:02.579974
92,Patricia,Brown,steven18@example.net,2024-05-02T05:15:02.900700
93,Valerie,Yang,erin97@example.org,2024-09-02T18:14:49.537711
94,Daniel,Mitchell,nicoleserrano@example.com,2024-08-23T21:40:17.089994
95,Seth,Nguyen,claudia31@example.com,2024-10-14T03:25:22.360396
96,Corey,Leblanc,flivingston@example.org,2024-06-23T06:06:53.624132
97,Travis,Cox,elliskaitlin@example.org,2024-08-10T09:49:32.871346
98,Amy,Perez,anovak@example.net,2024-06-05T23:19:49.703690
99,Scott,Davis,anna26@example.com,2024-12-02T06:41:50.436488
100,Stephen,Ortiz,michelle12@example.com,2024-08-02T02:29:14.939395
