customer_id,first_name,last_name,email,created_at
1,William,Robinson,traviswiggins@example.com,2024-08-09T20:14:32.953490
2,Nicholas,Rodgers,paige16@example.com,2025-02-05T04:57:59.398140
3,Shane,Moody,amanda76@example.net,2025-01-13T14:09:42.493566
4,Denise,Reynolds,claire12@example.org,2025-03-28T17:58:04.282710
5,James,Gross,tyler91@example.org,2024-06-24T06:51:45.887930
6,Joseph,Miller,torreskristina@example.org,2025-01-30T08:15:51.333418
7,Sabrina,Johnson,loriwhite@example.org,2024-11-12T03:20:39.409093
8,Joel,Hill,swalker@example.org,2025-01-25T00:46:57.985264
9,Robert,Madden,joel01@example.org,2025-01-22T08:39:32.745453
10,David,Long,jaimechristensen@example.net,2024-07-08T01:42:23.792059
11,Sergio,Thomas,cookglenn@example.org,2024-05-02T09:17:00.726768
12,Michael,Hunter,annathompson@example.net,2024-08-27T12:32:01.628958
13,Christopher,Dean,ppitts@example.net,2024-07-24T16:56:30.936942
14,Todd,Norman,larsonsarah@example.com,2024-06-08T19:58:01.255362
15,Brandy,Gonzalez,sturner@example.com,2024-12-20T03:15:26.347424
16,Anthony,Carter,danielparks@example.org,2024-09-02T14:01:30.648941
17,Carol,Snyder,melissa14@example.com,2024-07-03T15:10:44.086714
18,Joshua,Wilson,dustin05@example.com,2025-02-19T10:22:54.537239
19,Juan,Powell,steven50@example.com,2024-12-10T16:21:48.647474
20,Samuel,Haynes,wblackburn@example.com,2024-08-15T20:07:34.705544
21,Tanya,Guerrero,margaret08@example.net,2025-01-07T21:25:10.403514
22,Eric,Schroeder,alexarowe@example.net,2024-11-13T08:47:00.754286
23,Kara,Cowan,brussell@example.org,2024-10-20T02:15:37.775830
24,Mark,Edwards,kathrynreynolds@example.com,2024-12-18T09:55:39.865107
25,Caleb,Gonzalez,fjones@example.org,2024-09-04T00:08:13.145497
26,John,Hall,stacey24@example.net,2024-05-23T00:41:13.731002
27,Michael,Pineda,amy82@example.com,2024-05-21T08:46:48.906720
28,Julie,Shaw,patrick75@example.com,2024-09-12T01:52:32.948977
29,Cheryl,Valencia,kbarajas@example.com,2025-01-23T19:56:53.215358
30,Travis,Mahoney,alicia40@example.org,2024-10-02T21:32:11.575564
31,Brandon,Cruz,matthew55@example.com,2024-10-07T07:38:21.642543
32,Kristin,Davis,ubailey@example.com,2025-04-04T22:00:18.696927
33,Scott,Bowen,ubrown@example.org,2025-04-10T12:40:57.015466
34,Stephanie,Hines,evanssarah@example.com,2024-10-30T03:46:14.500647
35,Stephanie,Norris,alexander68@example.org,2025-03-13T05:33:33.580597
36,Gary,Francis,ojohnson@example.net,2024-07-26T11:13:32.680026
37,Joseph,Jones,mwiley@example.org,2024-04-27T23:02:00.216129
38,Jacob,Taylor,davidnash@example.net,2025-04-03T14:36:01.890810
39,Robin,Davis,jimenezchelsea@example.net,2024-10-24T05:49:52.886809
40,Dustin,Bailey,underwoodtimothy@example.com,2024-07-25T01:56:09.829288
41,Jacob,Green,andrea79@example.com,2024-10-31T10:08:48.048929
42,Michelle,Molina,craig29@example.net,2024-10-07T06:31:14.834975
43,Miguel,Sanchez,charlesross@example.net,2025-03-23T01:07:35.879809
44,Timothy,Brown,jeremyphillips@example.org,2025-03-01T13:07:28.488434
45,Crystal,Kim,jameskarl@example.com,2024-10-13T07:11:18.375449
46,Amanda,Walker,bheath@example.org,2024-04-24T22:01:52.654212
47,Sandra,Hill,jamescampbell@example.org,2024-07-04T06:28:58.719875
48,Diane,Cummings,ashleygillespie@example.org,2025-03-18T02:06:53.354577
49,Daniel,Drake,jill14@example.com,2024-10-25T04:15:17.532580
50,Mike,Sanchez,steelejoseph@example.com,2024-06-22T01:28:51.462541
51,Jeffrey,Lambert,xoliver@example.net,2024-05-10T11:37:21.146070
52,Jenny,Johnson,huffandre@example.org,2024-08-15T22:50:48.765594
53,Michael,Stevenson,bergermeagan@example.org,2024-10-17T04:45:23.080010
54,Robert,Long,michaelgonzales@example.org,2024-07-05T23:57:45.873049
55,Christine,King,churchdavid@example.net,2024-12-30T12:26:27.025429
56,Brittany,Woods,jonathan93@example.org,2024-07-15T05:37:55.859437
57,Sarah,Jones,lisacampos@example.com,2024-08-13T23:04:13.953873
58,Diana,Brooks,ricekelly@example.com,2024-06-19T23:33:34.643803
59,Jason,West,gcampbell@example.com,2025-02-01T11:20:04.124018
60,Scott,Walsh,teresaturner@example.net,2025-04-04T11:09:23.785201
61,Joyce,Hendrix,diana00@example.net,2025-02-15T15:07:43.815036
62,Heather,Taylor,stephensbenjamin@example.com,2025-02-11T22:58:03.628409
63,Jason,Massey,mitchellfrank@example.org,2025-02-12T07:27:14.617393
64,Ariel,Craig,xgonzalez@example.com,2024-07-20T20:13:16.559424
65,Donna,Kelly,alyssamullen@example.com,2024-04-24T09:03:53.217017
66,Kyle,Huang,bensonvictoria@example.org,2024-05-19T08:26:52.529327
67,Stacy,Martin,moraleslisa@example.net,2024-09-24T03:59:03.945013
68,Ashley,Thompson,sara52@example.net,2024-07-06T12:51:38.046186
69,Charles,Hernandez,sreynolds@example.com,2025-02-01T05:17:26.367387
70,Charles,Bailey,xhuang@example.com,2024-05-30T03:04:35.863940
71,Ian,Howard,claire94@example.net,2025-04-04T15:42:56.241915
72,Susan,Hansen,kylewagner@example.com,2024-12-11T18:52:14.694388
73,Michelle,Wilson,christina40@example.org,2025-04-04T23:15:11.084229
74,Clarence,Hernandez,jonesalexis@example.org,2024-06-23T08:08:24.550411
75,Helen,Moore,christophermartin@example.net,2024-05-05T23:42:50.456294
76,Kenneth,Fernandez,anthony04@example.com,2024-09-12T10:20:04.524305
77,Carlos,Chang,nicolasmoyer@example.net,2025-04-08T19:35:22.400356
78,Justin,Anthony,courtney08@example.net,2024-07-24T05:38:35.868893
79,Michael,Davis,charleswilson@example.com,2025-04-15T16:54:41.984080
80,Becky,Pearson,moorebrandi@example.net,2024-08-20T11:16:49.958256
81,Jason,Clements,joannasmith@example.net,2025-02-06T08:55:55.941782
82,Katelyn,Lopez,mcdonaldchelsea@example.org,2024-10-23T08:51:19.464834
83,Linda,Rubio,amanda89@example.org,2024-06-11T17:25:18.787030
84,Michael,Pacheco,audrey01@example.com,2024-09-14T18:34:34.656674
85,Timothy,Davis,ruizolivia@example.net,2024-06-30T00:57:48.817771
86,Elizabeth,Fuentes,lisa03@example.com,2025-02-03T22:02:58.661268
87,Melissa,Taylor,alicia20@example.net,2024-11-27T03:16:48.529332
88,Calvin,Henry,brian31@example.net,2025-03-22T07:59:55.638420
89,Daniel,Thompson,kknox@example.net,2025-02-24T11:46:14.635393
90,Kimberly,Hernandez,jason07@example.net,2024-10-18T12:12:41.377132
91,Alexis,White,frysabrina@example.org,2024-12-03T16:29:09.471187
92,Charles,Gallegos,martin46@example.net,2025-02-18T02:42:43.572717
93,Mark,Taylor,brendagillespie@example.net,2024-11-04T01:25:50.860333
94,Ryan,Sutton,alejandro45@example.org,2025-02-05T08:03:12.146682
95,Kristina,Miller,harrisjeffrey@example.org,2024-06-21T23:12:18.803570
96,Mark,Coleman,christopher37@example.com,2024-10-28T17:26:08.987777
97,Ruben,Jones,patriciasmith@example.com,2024-05-31T12:59:15.950098
98,Deborah,Johnson,millerjason@example.com,2024-06-21T00:40:22.259265
99,Stephanie,Campbell,singletonerin@example.com,2024-06-27T19:54:41.739278
100,Stephanie,Garcia,munoztiffany@example.org,2025-04-08T01:53:47.528512
