customer_id,first_name,last_name,email,created_at
1,Brenda,Guerra,randycurtis@example.net,2024-10-21T17:24:12.266211
2,Kevin,Watkins,opalmer@example.org,2025-01-30T05:38:32.571420
3,Elizabeth,Kim,matthewrogers@example.net,2024-08-13T07:02:59.589343
4,Alyssa,Walters,dwayne87@example.net,2024-05-12T01:52:31.929035
5,Ryan,Villa,leefrancis@example.net,2024-05-25T11:36:55.704947
6,Richard,Perez,churchmichael@example.net,2024-07-01T02:24:46.766958
7,Calvin,Flores,anthony55@example.com,2024-06-19T01:07:13.296793
8,Joel,Hodge,tinabrown@example.com,2024-05-21T15:37:46.275143
9,Joseph,Johnson,wwatkins@example.org,2024-10-04T09:57:28.465531
10,Jose,Duffy,dhoffman@example.com,2024-09-10T19:54:19.202319
11,Latoya,Fox,kristinthompson@example.org,2024-11-03T08:25:54.278512
12,Joyce,Davis,nicole23@example.net,2025-04-10T08:37:35.289721
13,Michelle,Phillips,ellen24@example.com,2025-03-06T12:38:01.808517
14,Valerie,Davis,lpatton@example.net,2024-07-02T16:59:31.249630
15,Teresa,Berry,ddavis@example.org,2024-05-16T08:00:42.692265
16,Yolanda,Weaver,jamesmoore@example.com,2025-04-17T07:28:26.483165
17,Miranda,Wise,carmenjohnson@example.com,2025-03-14T00:55:11.843167
18,Kevin,Lewis,hurstwendy@example.com,2024-12-28T16:41:42.795392
19,Vincent,Wheeler,adrianschneider@example.com,2025-01-27T09:00:02.336403
20,Ryan,Stevens,anthony02@example.org,2024-09-09T13:05:51.976875
21,Olivia,Garcia,connorpatel@example.net,2024-12-20T06:24:34.106208
22,Ryan,Cannon,jamesthomas@example.com,2024-07-07T16:42:33.514848
23,Lauren,James,mark96@example.net,2024-05-21T18:15:07.545451
24,Karen,Stout,omar21@example.com,2024-12-02T22:21:50.404187
25,Ralph,Jennings,joshuamullins@example.net,2024-11-11T17:45:25.058512
26,Jon,Brock,hgibbs@example.com,2025-03-20T05:53:20.545761
27,Natasha,Smith,riverascott@example.net,2024-07-13T18:07:07.636819
28,Haley,Hubbard,jerrymcgee@example.org,2024-08-18T16:14:35.801682
29,Molly,Jones,colonlinda@example.org,2025-02-18T16:44:53.734452
30,Julie,Brooks,joyce43@example.org,2024-06-15T10:13:05.964435
31,Matthew,Crawford,lbaker@example.org,2024-07-07T22:25:56.658977
32,David,Owens,ayersmaria@example.org,2024-09-23T07:22:13.221285
33,Jacqueline,Hobbs,jessicagiles@example.net,2025-02-27T16:13:27.416949
34,John,Webb,mcbridegeorge@example.com,2024-09-12T08:37:44.417976
35,Jessica,Young,qcarr@example.org,2024-05-15T18:38:56.953176
36,Alexandria,Reilly,baileymathew@example.com,2025-04-14T15:57:12.810828
37,Margaret,Rodriguez,staceysimon@example.org,2025-01-26T17:27:10.317164
38,Tina,Black,bruce65@example.com,2025-01-24T04:11:26.168948
39,Todd,Jackson,lovebernard@example.net,2024-12-05T04:11:19.169192
40,Kathleen,Lewis,stephanierodriguez@example.net,2024-08-09T12:57:56.805902
41,Danny,Shaw,rodriguezlisa@example.com,2025-04-08T04:50:17.256365
42,Scott,Walker,jmueller@example.net,2025-02-14T07:44:28.410986
43,Ronald,Watson,pbarnes@example.com,2025-04-07T13:22:03.679800
44,Rodney,Chandler,toddreyes@example.org,2024-06-08T08:53:54.943980
45,Claire,Anderson,heathersharp@example.net,2025-03-19T11:28:30.931104
46,Stephanie,Dougherty,markmiller@example.net,2024-04-22T03:14:10.777662
47,Marie,Santiago,arice@example.net,2025-03-15T17:54:07.996188
48,Daniel,Bell,brennanjennifer@example.com,2024-12-28T21:36:19.742864
49,Stacey,Williams,harrisbruce@example.com,2024-08-25T19:40:00.436938
50,Andrew,Hernandez,jody72@example.net,2024-10-29T20:16:42.658292
51,Holly,Blair,zponce@example.org,2024-06-14T07:27:06.062393
52,Anita,Campos,samuel36@example.com,2024-10-09T04:02:28.646200
53,Jeremy,Munoz,charles43@example.org,2024-07-21T18:23:43.985048
54,Krystal,Chavez,desireejohnson@example.com,2025-01-05T07:41:42.638857
55,Kristi,Johnson,tracyjarvis@example.org,2024-07-05T01:32:12.971354
56,Eric,Morris,patricktamara@example.org,2025-02-06T06:08:30.233507
57,Sara,Smith,brett88@example.com,2024-06-11T16:34:39.938190
58,Sean,Buchanan,bherrera@example.com,2025-02-20T09:18:21.702871
59,Joseph,Cameron,eric65@example.com,2024-06-23T15:51:34.849282
60,Tiffany,Wells,johnesparza@example.org,2024-06-14T13:07:28.905834
61,Jermaine,Mooney,catherinesmith@example.com,2025-02-18T15:56:28.589510
62,Brent,Harrison,tamaraswanson@example.net,2024-07-07T14:02:17.227671
63,Anna,Combs,kking@example.org,2025-02-11T22:53:30.399020
64,Jason,Holden,acarter@example.org,2025-02-10T15:09:10.354654
65,Thomas,Rivera,austinthompson@example.org,2024-10-30T10:40:50.630994
66,Katherine,Combs,ihill@example.com,2024-12-24T10:14:51.159920
67,Jason,Washington,gcurtis@example.com,2024-10-04T01:16:10.085634
68,Samantha,Evans,acevedowhitney@example.org,2025-04-17T16:19:11.752245
69,David,Johnson,christina39@example.org,2025-03-19T01:50:29.860136
70,Catherine,Grant,jameslinda@example.net,2024-11-30T19:04:43.983077
71,Adam,Alexander,matthew19@example.com,2024-11-11T04:37:12.873396
72,Emily,Chambers,ramirezchristopher@example.com,2025-02-11T23:08:09.449579
73,Elizabeth,Nash,rhuynh@example.com,2024-04-22T04:09:24.362415
74,Isaac,Hood,djacobs@example.org,2024-12-09T13:09:18.626050
75,Derek,Butler,alexanderelizabeth@example.org,2024-07-18T23:42:13.378551
76,Julie,Pennington,jaydean@example.net,2024-12-05T22:01:00.258423
77,Monique,Peck,emmafinley@example.org,2024-06-05T15:33:19.659839
78,Gary,Tucker,rebecca17@example.org,2024-04-27T09:40:00.805188
79,Angela,Lutz,williamsmatthew@example.com,2025-03-03T04:22:21.218720
80,Crystal,Pearson,stacy26@example.com,2024-07-01T17:16:01.988479
81,Stacey,Jones,ann42@example.net,2024-04-23T06:18:09.736698
82,James,Hansen,ryanjoseph@example.net,2024-05-07T14:21:11.502045
83,Lindsay,Medina,schmidtandrew@example.org,2024-08-23T13:49:37.878210
84,Michael,Walker,ojackson@example.net,2024-09-29T18:43:07.352486
85,Ashley,Tanner,marthajones@example.net,2024-12-28T05:40:17.359009
86,Maria,Cook,hholmes@example.com,2024-10-20T04:09:03.591447
87,Dawn,Allen,rachel05@example.com,2025-03-29T08:53:01.279676
88,Keith,Meyer,stephaniebanks@example.net,2025-02-21T00:51:53.809822
89,Joe,Bean,taylorortiz@example.org,2025-04-14T01:06:52.599887
90,Julia,Farmer,tracyrichardson@example.org,2025-02-12T23:07:36.657866
91,Tiffany,Austin,jharris@example.com,2024-12-11T15:12:56.338091
92,Ronald,Miller,lawrencemichael@example.com,2025-02-04T11:00:27.385371
93,Holly,Brown,smarquez@example.org,2025-03-22T09:52:24.612044
94,Mark,Rodriguez,patricia14@example.net,2025-03-25T01:06:25.066169
95,Joel,Hanson,joel23@example.org,2024-11-08T23:29:47.649266
96,Emily,Robinson,nancychapman@example.net,2025-01-13T23:32:02.408313
97,Kayla,Woodward,terri40@example.net,2024-10-17T12:54:01.945326
98,Jennifer,Carter,monroetiffany@example.net,2024-07-06T09:43:11.741013
99,Brian,Simpson,hardystephanie@example.net,2025-01-02T15:17:23.812773
100,Justin,Elliott,brittany92@example.org,2024-07-17T01:13:51.086802
